预测值,实际值,损失
1238.3193359375,1212.25,26.2496337890625
1235.64013671875,1185.35,25.5706787109375
1182.0828857421875,1186.1,1.50634765625
1229.181640625,1187.7,25.8719482421875
1197.0224609375,1187.0,22.4840087890625
1174.21484375,1186.55,4.8858642578125
1146.35205078125,1178.1,25.4932861328125
1136.095703125,1161.85,28.321533203125
1169.122802734375,1173.5,6.93701171875
1123.4825439453125,1162.2,31.57080078125
1139.1177978515625,1172.5,0.260009765625
1172.2750244140625,1177.65,4.1060791015625
1166.34228515625,1171.05,30.451904296875
1149.423095703125,1163.6,5.6893310546875
1175.114990234375,1156.1,7.4075927734375
1149.763427734375,1158.55,5.66357421875
1151.2879638671875,1162.25,5.4361572265625
1159.50390625,1126.95,13.0526123046875
1129.3892822265625,1131.6,4.8385009765625
1112.6600341796875,1136.25,37.13720703125
1143.7803955078125,1125.7,4.244384765625
1100.522216796875,1133.65,7.9947509765625
1126.3963623046875,1131.35,5.8487548828125
1106.4205322265625,1134.6,18.4322509765625
1108.8079833984375,1145.9,26.2742919921875
1160.462158203125,1151.0,17.1787109375
1138.5675048828125,1164.25,12.5548095703125
1185.6083984375,1176.7,4.395751953125
1191.0555419921875,1175.85,26.4793701171875
1147.891845703125,1178.5,32.7481689453125
1192.6990966796875,1189.5,14.0533447265625
1197.3426513671875,1178.55,3.455810546875
1191.8438720703125,1205.05,0.193603515625
1214.36328125,1190.35,9.208984375
1185.5296630859375,1203.0,7.0338134765625
1195.4298095703125,1216.05,2.8779296875
1200.889892578125,1214.75,9.109130859375
1219.6114501953125,1196.05,13.183837890625
1208.5057373046875,1200.55,11.7030029296875
1217.1990966796875,1212.85,7.088623046875
1198.289306640625,1216.8,35.5628662109375
1229.8695068359375,1195.0,4.5213623046875
1187.361328125,1189.7,2.83251953125
1198.3465576171875,1184.85,2.108642578125
1184.856201171875,1192.8,3.791015625
1187.8941650390625,1212.8,7.119384765625
1199.931884765625,1203.65,23.6365966796875
1257.3551025390625,1221.95,30.9017333984375
1236.2642822265625,1215.2,2.179931640625
1216.1590576171875,1226.75,1.92041015625
1248.939697265625,1231.0,1.724365234375
1237.64404296875,1242.1,1.380615234375
1225.3333740234375,1236.8,22.72998046875
1222.4476318359375,1228.3,11.06640625
1206.8387451171875,1222.25,19.9765625
1223.498291015625,1230.75,9.29833984375
1238.017578125,1224.4,0.7569580078125
1231.5670166015625,1240.55,11.4100341796875
1281.849853515625,1241.95,26.36962890625
1217.25439453125,1237.3,25.61328125
1236.748046875,1233.2,17.4593505859375
1227.427734375,1236.65,17.744873046875
1241.8642578125,1247.9,14.5340576171875
1287.22412109375,1253.65,24.619384765625
1242.0086669921875,1257.2,11.028564453125
1225.4591064453125,1255.6,40.9063720703125
1261.663330078125,1240.4,0.2503662109375
1229.7164306640625,1238.1,11.4019775390625
1214.844482421875,1226.5,14.1707763671875
1244.9876708984375,1230.95,17.568359375
1230.3594970703125,1216.65,14.3751220703125
1238.7900390625,1209.2,24.3203125
1209.1990966796875,1206.55,1.143798828125
1183.7877197265625,1202.65,4.443603515625
1214.8795166015625,1204.2,36.732177734375
1202.8990478515625,1204.6,2.319091796875
1221.320068359375,1198.8,2.0933837890625
1183.078857421875,1229.35,1.798583984375
1254.9130859375,1229.6,4.3741455078125
1237.5439453125,1232.4,18.7125244140625
1236.9510498046875,1241.6,7.9912109375
1241.673828125,1249.05,10.67724609375
1271.512939453125,1247.5,1.9755859375
1264.86328125,1247.5,22.05029296875
1259.6712646484375,1257.55,9.9749755859375
1246.2574462890625,1257.25,10.6796875
1204.6409912109375,1251.1,32.8446044921875
1250.2994384765625,1248.8,6.7415771484375
1242.276123046875,1244.85,22.9603271484375
1244.942138671875,1247.25,7.0399169921875
1220.2015380859375,1257.65,17.581787109375
1247.52490234375,1245.8,14.5523681640625
1246.472900390625,1252.5,6.364990234375
1249.713134765625,1266.45,3.044189453125
1251.0194091796875,1250.05,24.218505859375
1289.6536865234375,1252.9,24.8988037109375
1266.7454833984375,1274.3,9.4998779296875
1288.9212646484375,1284.15,21.08544921875
1283.93115234375,1278.95,2.4969482421875
1299.54541015625,1279.05,7.7342529296875
1281.4091796875,1282.1,13.54931640625
1295.2763671875,1281.85,8.6580810546875
1267.1214599609375,1269.4,7.775390625
1277.3634033203125,1267.8,7.5382080078125
1270.6326904296875,1261.85,8.582275390625
1260.2462158203125,1262.8,3.1156005859375
1267.94140625,1266.45,15.61376953125
1247.277587890625,1255.45,26.67138671875
1257.316650390625,1250.3,4.683349609375
1232.253173828125,1228.45,10.53955078125
1247.722412109375,1228.05,4.5650634765625
1230.5240478515625,1229.8,22.829345703125
1194.416748046875,1220.4,36.576416015625
1222.6710205078125,1222.95,2.823486328125
1198.7821044921875,1223.15,26.0013427734375
1211.6099853515625,1231.25,2.4178466796875
1258.1678466796875,1233.3,3.280029296875
1237.4385986328125,1234.2,3.7000732421875
1259.4200439453125,1257.4,4.7169189453125
1210.3516845703125,1255.9,32.38671875
1246.33447265625,1252.0,8.4420166015625
1226.2386474609375,1258.85,26.6790771484375
1246.8153076171875,1260.2,11.281982421875
1290.156005859375,1252.55,18.06982421875
1248.05419921875,1256.95,0.109130859375
1255.577392578125,1265.05,3.3466796875
1242.0321044921875,1262.7,21.70361328125
1275.7025146484375,1266.2,0.48388671875
1258.74267578125,1264.85,17.433837890625
1233.0936279296875,1274.95,32.230224609375
1257.870361328125,1279.95,14.3819580078125
1278.92431640625,1293.5,7.374267578125
1349.7720947265625,1291.0,31.7144775390625
1286.8302001953125,1273.1,1.0015869140625
1263.052734375,1266.55,12.4461669921875
1276.393310546875,1266.4,20.77880859375
1298.3878173828125,1262.0,33.5574951171875
1266.765869140625,1275.5,5.5128173828125
1271.0155029296875,1254.55,1.090576171875
1272.2078857421875,1255.4,0.076416015625
1251.197998046875,1248.15,11.1385498046875
1220.8646240234375,1242.2,19.4215087890625
1244.0152587890625,1242.5,17.62939453125
1237.1202392578125,1250.8,21.816162109375
1240.139892578125,1255.7,0.0950927734375
1243.39208984375,1245.25,0.08642578125
1240.4483642578125,1249.55,11.7381591796875
1294.9869384765625,1248.0,42.6529541015625
1248.3179931640625,1243.5,14.782958984375
1245.714111328125,1242.25,5.791748046875
1261.0699462890625,1229.25,13.0858154296875
1222.7093505859375,1223.75,15.9130859375
1232.780029296875,1220.3,0.4197998046875
1245.7001953125,1224.9,2.143310546875
1204.66259765625,1215.65,13.530517578125
1190.08740234375,1211.9,2.121826171875
1233.4898681640625,1211.05,34.4776611328125
1236.7366943359375,1218.8,27.8670654296875
1215.503173828125,1218.9,1.05712890625
1241.3468017578125,1230.3,1.467529296875
1251.2171630859375,1234.1,2.06298828125
1236.051513671875,1240.75,6.0540771484375
1237.6671142578125,1242.15,2.709228515625
1242.19970703125,1238.7,8.5452880859375
1226.330810546875,1248.55,10.02685546875
1248.8446044921875,1255.55,10.898193359375
1248.079833984375,1254.4,23.9066162109375
1246.013427734375,1248.1,1.8787841796875
1242.08837890625,1261.1,5.5521240234375
1230.01806640625,1264.9,40.24755859375
1242.541015625,1267.55,21.0738525390625
1256.4044189453125,1270.95,9.013916015625
1275.5224609375,1269.6,1.394287109375
1322.7911376953125,1268.1,33.9404296875
1280.0552978515625,1257.7,3.364013671875
1229.39794921875,1258.0,18.93115234375
1251.1239013671875,1261.8,13.8126220703125
1252.188720703125,1271.05,8.48779296875
1255.54443359375,1284.4,18.7103271484375
1281.1907958984375,1286.1,3.48095703125
1278.40966796875,1282.3,0.8343505859375
1274.3177490234375,1270.3,4.046630859375
1285.0682373046875,1272.75,34.0201416015625
1282.7257080078125,1285.15,7.0921630859375
1254.123046875,1295.8,22.3682861328125
1299.2935791015625,1292.9,12.1844482421875
1292.9869384765625,1284.2,4.188720703125
1291.0770263671875,1286.65,8.8006591796875
1283.446044921875,1289.0,20.70556640625
1306.1884765625,1285.3,31.54638671875
1283.7435302734375,1318.65,5.35595703125
1318.5257568359375,1308.5,13.9583740234375
1298.1103515625,1311.75,9.220947265625
1296.2109375,1320.4,38.29150390625
1327.16259765625,1333.1,15.8756103515625
1325.2928466796875,1335.55,12.2210693359375
1340.2513427734375,1337.85,1.0263671875
1341.1497802734375,1343.5,5.4339599609375
1372.93212890625,1346.25,20.74072265625
1366.91015625,1334.2,14.404541015625
1330.5684814453125,1326.5,6.039306640625
1337.609130859375,1327.55,2.1180419921875
1304.6778564453125,1324.55,44.3782958984375
1348.51904296875,1322.85,1.168701171875
1329.6229248046875,1312.1,15.8858642578125
1301.4251708984375,1309.6,18.87158203125
1328.104248046875,1311.3,17.4169921875
1292.1064453125,1292.1,5.173095703125
1303.251953125,1294.8,25.5101318359375
1311.0633544921875,1293.3,10.10205078125
1292.044677734375,1300.05,4.67236328125
1303.1158447265625,1282.55,10.10205078125
1296.798095703125,1283.35,21.0057373046875
1273.744384765625,1283.1,25.5880126953125
1297.0308837890625,1273.7,11.933837890625
1283.399658203125,1271.25,7.3680419921875
1253.669677734375,1274.25,15.439208984375
1300.35888671875,1274.5,2.220703125
1295.7374267578125,1261.8,7.0921630859375
1278.90869140625,1278.75,12.87939453125
1287.807861328125,1291.4,5.361083984375
1355.534423828125,1289.25,39.576904296875
1303.778076171875,1290.25,12.375732421875
1295.06982421875,1299.6,10.858154296875
1311.01513671875,1303.3,1.68359375
1306.423583984375,1284.75,0.674072265625
1280.0816650390625,1280.2,22.169921875
1281.0513916015625,1286.4,5.532958984375
1285.4671630859375,1281.2,18.4345703125
1283.0584716796875,1274.9,13.048828125
1295.3529052734375,1276.45,7.8768310546875
1276.40673828125,1275.0,4.17919921875
1257.687744140625,1273.75,20.3648681640625
1289.5272216796875,1266.45,35.029052734375
1231.9144287109375,1272.0,43.7010498046875
1304.31396484375,1270.15,33.8837890625
1296.552001953125,1277.05,1.9276123046875
1253.8582763671875,1279.2,26.244384765625
1279.8740234375,1267.2,5.396484375
1256.1053466796875,1270.9,9.310791015625
1250.3797607421875,1275.6,23.5728759765625
1282.203857421875,1284.0,2.9071044921875
1280.072998046875,1284.8,0.2403564453125
1279.859375,1284.3,22.4423828125
1283.1800537109375,1277.95,10.1343994140625
1281.4298095703125,1274.6,5.794189453125
1257.221923828125,1282.2,26.0869140625
1283.7789306640625,1280.0,7.022705078125
1291.6844482421875,1284.35,7.1661376953125
1297.282470703125,1286.2,19.66650390625
1294.566162109375,1283.3,16.7415771484375
1297.4219970703125,1286.95,14.763671875
1270.320556640625,1290.35,1.3489990234375
1293.1185302734375,1290.5,19.9813232421875
1282.7752685546875,1294.9,0.7999267578125
1303.8995361328125,1291.85,5.484375
1292.5225830078125,1283.85,7.7275390625
1349.826171875,1280.2,41.4185791015625
1282.0289306640625,1275.5,12.830078125
1259.8441162109375,1273.45,13.2642822265625
1288.1422119140625,1266.3,21.156494140625
1288.401123046875,1263.7,9.160888671875
1270.8271484375,1255.0,2.82080078125
1259.8453369140625,1250.65,11.6572265625
1228.766357421875,1247.15,0.994140625
1247.2423095703125,1240.9,2.1219482421875
1246.629638671875,1242.65,8.9888916015625
1251.7164306640625,1251.0,11.2939453125
1251.50390625,1254.6,5.5484619140625
1254.649658203125,1260.6,2.0794677734375
1226.698974609375,1260.35,43.066650390625
1252.1014404296875,1264.55,6.6873779296875
1275.636474609375,1264.55,9.9122314453125
1273.5018310546875,1279.4,4.83203125
1310.6138916015625,1291.0,19.29833984375
1305.5185546875,1312.05,8.0872802734375
1300.7109375,1314.9,1.2611083984375
1289.5645751953125,1314.5,2.1173095703125
1304.5679931640625,1317.15,4.033447265625
1317.3134765625,1319.95,0.788818359375
1322.037841796875,1311.0,10.92431640625
1275.7452392578125,1319.75,24.8250732421875
1325.5948486328125,1323.05,5.2279052734375
1318.816650390625,1326.8,18.4541015625
1354.3154296875,1339.25,29.9140625
1322.3089599609375,1333.85,35.948486328125
1329.25537109375,1335.65,8.8466796875
1362.5755615234375,1332.2,18.234130859375
1323.991943359375,1334.95,12.6220703125
1338.512939453125,1332.6,0.9896240234375
1310.9820556640625,1333.4,14.35205078125
1359.0042724609375,1353.7,28.0028076171875
1380.625,1354.95,3.6788330078125
1340.7117919921875,1353.15,4.2960205078125
1328.0946044921875,1343.85,6.813720703125
1348.3699951171875,1344.9,5.97998046875
1369.15283203125,1345.05,9.2423095703125
1372.595703125,1341.35,5.113037109375
1329.7210693359375,1331.15,8.0645751953125
1337.986083984375,1333.6,6.7783203125
1310.4864501953125,1331.4,44.619384765625
1342.3712158203125,1324.65,1.9801025390625
1329.4482421875,1315.45,14.2869873046875
1298.2357177734375,1314.1,16.0823974609375
1326.875244140625,1322.3,11.9473876953125
1319.029541015625,1325.35,4.90576171875
1340.697998046875,1336.25,6.0228271484375
1359.0390625,1352.45,25.1875
1344.208740234375,1352.1,26.04736328125
1331.3604736328125,1346.6,30.4388427734375
1347.0987548828125,1339.85,25.6783447265625
1340.7137451171875,1330.5,17.771240234375
1354.54150390625,1328.35,26.4400634765625
1343.90234375,1327.95,2.31640625
1322.400390625,1333.5,12.866455078125
1340.267822265625,1325.75,5.0994873046875
1327.189697265625,1317.85,3.501953125
1335.6007080078125,1307.75,6.8121337890625
1310.0694580078125,1322.3,9.6143798828125
1329.578125,1320.4,11.7861328125
1319.92578125,1331.4,2.0377197265625
1358.419189453125,1329.4,29.4176025390625
1327.7918701171875,1321.0,8.2735595703125
1337.5899658203125,1320.6,7.264892578125
1336.4342041015625,1319.15,26.6630859375
1335.9071044921875,1322.75,7.4320068359375
1316.5338134765625,1323.55,8.92578125
1321.226318359375,1318.75,6.37939453125
1325.1424560546875,1310.1,5.775634765625
1317.4813232421875,1312.4,15.4998779296875
1313.3873291015625,1311.0,9.5140380859375
1285.5396728515625,1321.35,1.992431640625
1317.2625732421875,1329.15,18.3082275390625
1355.466552734375,1346.6,28.7149658203125
1352.0125732421875,1352.4,23.1854248046875
1360.7470703125,1341.45,10.5784912109375
1363.0289306640625,1332.45,25.43212890625
1307.486083984375,1323.85,46.267578125
1305.2784423828125,1333.45,2.015380859375
1355.8590087890625,1337.3,24.3714599609375
1338.4747314453125,1327.7,1.672119140625
1335.05029296875,1331.2,2.2069091796875
1337.8809814453125,1331.95,5.186279296875
1326.84130859375,1338.95,3.1312255859375
1343.4461669921875,1350.75,5.104248046875
1366.7188720703125,1341.35,0.1822509765625
1342.4796142578125,1343.7,2.60302734375
1350.3287353515625,1349.35,16.2193603515625
1331.08984375,1342.1,0.433837890625
1355.890380859375,1351.45,16.2811279296875
1375.540283203125,1348.6,15.3988037109375
1350.748046875,1336.75,6.58544921875
1340.588134765625,1324.3,5.51904296875
1329.1224365234375,1328.85,4.31787109375
1361.112548828125,1321.65,0.8187255859375
1329.6453857421875,1320.7,1.561767578125
1315.6953125,1321.5,7.93798828125
1313.0465087890625,1313.2,0.9608154296875
1307.0130615234375,1307.1,7.897705078125
1314.9066162109375,1304.2,21.2415771484375
1312.413818359375,1315.05,16.064208984375
1299.08642578125,1309.4,38.716064453125
1319.3160400390625,1306.6,9.2386474609375
1327.611083984375,1313.85,19.86328125
1325.2021484375,1318.8,21.336669921875
1330.13818359375,1324.35,10.66064453125
1328.060791015625,1319.85,0.39599609375
1303.05029296875,1295.0,24.2584228515625
1310.528076171875,1291.25,29.8861083984375
1307.0443115234375,1289.5,23.9920654296875
1264.9141845703125,1288.3,5.045654296875
1285.4813232421875,1288.35,2.44580078125
1302.763671875,1293.05,27.627685546875
1287.608642578125,1289.0,4.0523681640625
1294.47509765625,1304.85,8.5208740234375
1312.2989501953125,1303.5,15.45458984375
1297.1085205078125,1295.5,9.2373046875
1315.8345947265625,1300.7,0.473388671875
1299.91162109375,1305.35,6.24267578125
1295.0928955078125,1294.6,2.3428955078125
1302.2041015625,1295.45,8.07373046875
1290.0625,1292.05,4.106201171875
1278.1123046875,1300.1,20.28857421875
1283.54833984375,1297.25,11.947265625
1280.9478759765625,1298.25,11.6976318359375
1313.81201171875,1299.6,29.919921875
1303.4697265625,1298.65,18.3450927734375
1285.94873046875,1296.15,21.3641357421875
1294.677978515625,1302.75,4.88916015625
1317.2138671875,1285.25,9.742919921875
1280.2794189453125,1281.55,6.4271240234375
1284.159912109375,1276.15,13.800048828125
1298.4434814453125,1274.2,6.0361328125
1278.339111328125,1266.15,8.8984375
1261.76416015625,1269.15,21.2071533203125
1251.9642333984375,1268.7,24.684814453125
1267.091552734375,1260.3,1.8441162109375
1260.2957763671875,1254.6,6.8685302734375
1273.6373291015625,1251.55,32.03173828125
1233.036865234375,1250.45,3.816650390625
1250.256103515625,1247.8,3.2586669921875
1221.550537109375,1251.75,16.782958984375
1248.7125244140625,1255.65,9.9739990234375
1258.700439453125,1255.5,7.9239501953125
1225.097900390625,1255.35,39.5677490234375
1291.801025390625,1262.05,43.4615478515625
1245.3515625,1254.0,24.197509765625
1247.0286865234375,1251.4,23.40771484375
1296.9862060546875,1245.9,42.8023681640625
1243.225341796875,1241.7,9.6112060546875
1258.3990478515625,1241.1,10.616943359375
1236.14453125,1232.8,0.006591796875
1240.1510009765625,1224.5,0.673583984375
1197.0286865234375,1217.55,29.226806640625
1227.4049072265625,1228.75,19.0712890625
1232.5440673828125,1224.95,21.853759765625
1226.94091796875,1228.35,7.3048095703125
1228.723876953125,1231.5,15.872314453125
1231.02099609375,1228.25,17.386474609375
1237.90087890625,1223.95,10.391357421875
1233.23779296875,1223.8,4.848876953125
1233.368408203125,1220.95,20.3367919921875
1246.653564453125,1219.0,1.83984375
1236.8201904296875,1215.45,18.2359619140625
1217.3046875,1216.3,2.8729248046875
1239.81103515625,1209.65,36.3988037109375
1198.090087890625,1212.35,0.5408935546875
1255.353759765625,1209.55,71.1683349609375
1219.801513671875,1214.35,8.5621337890625
1214.7718505859375,1214.4,1.88232421875
1217.8504638671875,1200.35,4.9005126953125
1177.896240234375,1197.0,4.5487060546875
1212.5626220703125,1182.0,22.9801025390625
1153.215087890625,1180.4,33.5745849609375
1165.0428466796875,1178.4,12.866943359375
1173.896484375,1184.35,5.9443359375
1192.3604736328125,1190.95,2.5364990234375
1174.970458984375,1196.65,1.97607421875
1179.732177734375,1192.35,1.797607421875
1192.83056640625,1197.7,5.5054931640625
1213.6092529296875,1212.25,16.7447509765625
1234.6060791015625,1204.2,24.53662109375
1193.6590576171875,1197.3,11.2593994140625
1203.484619140625,1202.45,4.4959716796875
1170.0802001953125,1200.05,1.294677734375
1191.37841796875,1190.85,8.5819091796875
1198.6109619140625,1196.7,20.922607421875
1184.31640625,1205.15,19.658935546875
1213.703125,1198.9,8.5013427734375
1206.798828125,1196.6,7.4383544921875
1195.965087890625,1189.85,1.5960693359375
1161.976806640625,1195.6,0.422119140625
1207.1617431640625,1209.8,0.3848876953125
1216.015380859375,1201.95,27.546630859375
1226.5906982421875,1201.9,16.8184814453125
1222.2454833984375,1200.2,11.483642578125
1214.4276123046875,1203.3,0.12890625
1218.9141845703125,1208.35,3.199462890625
1226.24169921875,1198.7,9.1806640625
1189.1903076171875,1202.75,8.1605224609375
1249.087890625,1201.9,74.502685546875
1217.474609375,1194.25,23.1417236328125
1177.353759765625,1185.4,18.640625
1199.9512939453125,1187.25,27.7127685546875
1191.9498291015625,1189.35,12.3680419921875
1201.6666259765625,1204.7,11.56396484375
1160.937744140625,1201.2,44.5662841796875
1168.9378662109375,1203.45,1.4022216796875
1200.210693359375,1203.8,17.1624755859375
1206.0369873046875,1186.95,0.8905029296875
1174.439453125,1185.55,5.33984375
1204.310546875,1188.6,20.5048828125
1224.1031494140625,1205.55,25.2967529296875
1215.251953125,1219.75,9.111572265625
1229.630859375,1229.95,10.1614990234375
1218.8348388671875,1230.7,10.8603515625
1230.0545654296875,1229.05,15.2235107421875
1220.354248046875,1223.0,0.7542724609375
1231.6328125,1227.85,19.4012451171875
1215.6678466796875,1222.3,1.775634765625
1219.7108154296875,1235.95,0.86962890625
1235.3206787109375,1230.55,10.6962890625
1222.791015625,1230.8,2.0582275390625
1210.65771484375,1233.85,11.44873046875
1248.217041015625,1230.8,21.0328369140625
1229.8348388671875,1225.4,17.87255859375
1254.9393310546875,1214.95,0.7850341796875
1231.1553955078125,1231.15,19.8505859375
1239.0877685546875,1232.1,0.154541015625
1241.1673583984375,1232.25,4.6109619140625
1257.7890625,1231.6,4.3980712890625
1219.001220703125,1229.95,11.082275390625
1208.476806640625,1224.15,19.9884033203125
1223.772216796875,1211.4,3.298095703125
1184.4713134765625,1205.55,0.073974609375
1201.4835205078125,1202.1,4.621826171875
1265.6488037109375,1203.25,77.0352783203125
1217.5379638671875,1211.85,3.015625
1194.7940673828125,1222.4,1.0904541015625
1244.138427734375,1221.6,2.1756591796875
1186.4232177734375,1223.0,23.7232666015625
1215.9976806640625,1226.1,14.9947509765625
1217.2569580078125,1227.05,5.38671875
1208.2060546875,1223.65,12.136962890625
1188.849853515625,1223.4,35.785888671875
1227.30615234375,1221.2,6.719482421875
1227.734375,1213.25,14.23681640625
1222.333984375,1226.25,9.729736328125
1233.381103515625,1217.55,11.3406982421875
1228.251220703125,1230.3,21.4696044921875
1235.5654296875,1240.3,3.532958984375
1239.8597412109375,1235.9,9.3519287109375
1183.7752685546875,1242.55,48.1826171875
1254.72509765625,1243.3,5.09130859375
1232.613525390625,1245.35,11.4049072265625
1249.916748046875,1245.3,7.1767578125
1266.693115234375,1245.75,16.874755859375
1220.965087890625,1242.75,15.7000732421875
1259.6961669921875,1235.35,20.68408203125
1235.0048828125,1241.65,1.3345947265625
1238.530029296875,1246.3,16.507568359375
1240.97509765625,1255.0,6.238525390625
1278.0123291015625,1259.75,28.3485107421875
1259.4010009765625,1258.15,1.212890625
1253.1962890625,1268.0,0.6514892578125
1279.6251220703125,1279.0,7.8760986328125
1294.28271484375,1282.9,0.723388671875
1283.754150390625,1290.45,5.5357666015625
1315.568359375,1279.9,18.957275390625
1262.696044921875,1292.2,10.2509765625
1291.0677490234375,1286.45,10.6788330078125
1289.8837890625,1288.6,4.2073974609375
1284.6248779296875,1291.9,25.223876953125
1294.61767578125,1288.95,19.9302978515625
1293.7474365234375,1292.75,10.8804931640625
1300.44189453125,1294.4,18.219970703125
1297.7197265625,1292.3,0.4779052734375
1300.881103515625,1290.7,7.0968017578125
1296.01318359375,1284.2,6.3936767578125
1276.6907958984375,1279.55,7.56005859375
1254.8544921875,1282.1,27.748291015625
1280.848876953125,1279.8,10.0032958984375
1265.5145263671875,1283.7,7.332275390625
1295.20068359375,1293.9,7.75146484375
1285.6004638671875,1302.15,3.0926513671875
1296.6053466796875,1307.55,0.6578369140625
1311.1370849609375,1310.7,3.0704345703125
1329.8699951171875,1323.25,18.08251953125
1283.9654541015625,1318.7,48.275390625
1327.38525390625,1312.15,3.8685302734375
1309.400390625,1314.2,0.8646240234375
1322.1497802734375,1312.4,6.232666015625
1299.8271484375,1310.0,16.3616943359375
1319.44970703125,1314.85,10.9317626953125
1298.135986328125,1306.4,10.1588134765625
1301.2265625,1310.0,7.2889404296875
1294.139404296875,1312.8,19.8951416015625
1337.9876708984375,1311.45,0.5660400390625
1306.654541015625,1316.55,11.30322265625
1326.781494140625,1325.5,9.5540771484375
1341.527587890625,1334.15,12.50537109375
1326.5751953125,1343.75,11.9888916015625
1365.4132080078125,1331.25,12.9718017578125
1331.985107421875,1329.05,11.875
1327.3536376953125,1331.05,10.46240234375
1339.5458984375,1325.05,18.7152099609375
1353.6005859375,1322.85,30.948974609375
1319.860107421875,1319.15,15.3717041015625
1299.76513671875,1311.95,33.2840576171875
1332.2930908203125,1285.4,4.7384033203125
1282.3013916015625,1283.8,20.6002197265625
1347.5908203125,1285.85,39.233154296875
1294.4241943359375,1285.3,7.103759765625
1278.9075927734375,1296.75,23.8941650390625
1314.8582763671875,1292.75,2.273193359375
1298.913818359375,1297.05,9.5140380859375
1298.9798583984375,1306.95,19.379638671875
1287.905029296875,1295.55,13.39208984375
1283.9393310546875,1303.5,12.3843994140625
1373.1002197265625,1305.6,84.2105712890625
1330.5902099609375,1307.7,1.2991943359375
1319.47021484375,1303.7,1.6494140625
1373.555908203125,1309.6,84.466064453125
1305.6109619140625,1311.3,10.701416015625
1312.51171875,1319.55,12.483154296875
1328.691162109375,1316.3,3.4127197265625
1309.3284912109375,1309.7,7.4783935546875
1292.3394775390625,1295.15,40.1129150390625
1364.217529296875,1295.4,83.6778564453125
1295.572509765625,1293.5,6.4783935546875
1290.893310546875,1290.3,2.6578369140625
1292.778564453125,1290.45,1.4267578125
1349.474609375,1283.15,34.467041015625
1346.7467041015625,1288.45,39.0391845703125
1304.9012451171875,1300.0,13.6131591796875
1302.92626953125,1303.0,9.962646484375
1274.2325439453125,1305.45,1.0467529296875
1291.19677734375,1298.8,4.8812255859375
1311.22509765625,1294.3,10.942626953125
1283.1109619140625,1285.65,7.8675537109375
1303.001708984375,1276.35,31.7098388671875
1278.773681640625,1275.85,2.3143310546875
1289.2384033203125,1275.7,8.8702392578125
1240.8599853515625,1269.5,34.7457275390625
1274.77587890625,1271.65,5.0029296875
1266.281982421875,1280.8,20.1837158203125
1281.4654541015625,1284.2,5.387939453125
1268.660888671875,1279.5,8.5860595703125
1272.4251708984375,1282.3,7.994384765625
1290.8033447265625,1283.8,16.878662109375
1274.2235107421875,1270.95,25.55908203125
1249.1312255859375,1278.55,29.3177490234375
1279.2864990234375,1281.2,4.9849853515625
1292.16455078125,1285.2,6.4462890625
1281.62451171875,1286.1,21.0771484375
1281.0870361328125,1287.1,6.384765625
1273.09130859375,1295.6,3.977783203125
1297.3653564453125,1298.4,19.21533203125
1306.608154296875,1299.1,2.127685546875
1317.0604248046875,1291.7,20.6712646484375
1305.2783203125,1280.8,27.9365234375
1281.6046142578125,1276.85,16.5562744140625
1274.8209228515625,1271.15,8.2880859375
1281.227783203125,1273.8,7.2464599609375
1256.1793212890625,1283.65,15.479736328125
1279.5032958984375,1282.5,21.6485595703125
1296.07666015625,1278.3,20.16357421875
1280.770263671875,1281.65,13.66064453125
1292.992919921875,1280.95,6.8245849609375
1275.7938232421875,1295.55,22.6578369140625
1276.011962890625,1317.1,15.4306640625
1314.505859375,1324.25,8.3616943359375
1340.1055908203125,1335.05,26.684326171875
1357.314208984375,1335.5,24.66259765625
1364.81640625,1340.65,20.6248779296875
1363.54248046875,1328.6,25.291015625
1349.2174072265625,1324.3,22.579833984375
1322.5203857421875,1332.35,10.7625732421875
1294.0958251953125,1335.9,25.759521484375
1368.7130126953125,1351.25,0.2684326171875
1336.637451171875,1341.3,5.3194580078125
1346.2191162109375,1341.35,5.5809326171875
1333.7215576171875,1344.05,7.9332275390625
1337.524169921875,1379.5,16.75048828125
1383.868408203125,1397.15,9.49365234375
1382.5797119140625,1405.7,21.85595703125
1385.7957763671875,1431.4,28.2364501953125
1437.05517578125,1403.95,6.8870849609375
1477.712158203125,1402.5,89.496337890625
1394.4805908203125,1409.0,15.5701904296875
1399.222412109375,1390.1,8.25
1389.67626953125,1391.05,16.0277099609375
1393.697021484375,1413.5,3.6705322265625
1424.760986328125,1414.9,26.8154296875
1404.2164306640625,1388.65,2.966552734375
1421.742919921875,1400.1,19.9703369140625
1398.620849609375,1391.55,13.719482421875
1361.5020751953125,1408.3,1.10888671875
1387.3148193359375,1413.75,29.3175048828125
1410.714111328125,1407.6,2.7548828125
1421.14990234375,1412.4,19.9005126953125
1407.453857421875,1409.85,24.1982421875
1416.2015380859375,1410.35,13.416748046875
1406.96484375,1417.45,18.214111328125
1433.3046875,1439.7,13.3646240234375
1439.6480712890625,1427.75,7.04296875
1455.558349609375,1425.55,34.8385009765625
1405.064208984375,1426.95,35.54345703125
1435.461181640625,1416.1,6.6376953125
1398.294921875,1420.4,42.3077392578125
1431.094970703125,1419.05,0.060302734375
1379.830810546875,1425.9,0.5662841796875
1421.777099609375,1427.55,32.2313232421875
1380.9705810546875,1406.8,29.18994140625
1437.9888916015625,1441.75,37.345947265625
1423.1890869140625,1465.25,23.2476806640625
1472.7841796875,1465.25,5.5198974609375
1471.754150390625,1506.05,16.0760498046875
1494.5225830078125,1495.75,0.0224609375
1486.1585693359375,1497.7,22.7529296875
1515.830322265625,1504.7,14.16796875
1521.79296875,1498.4,22.5421142578125
1504.304443359375,1513.25,21.6558837890625
1523.399658203125,1515.65,26.900634765625
1516.6597900390625,1515.25,5.1973876953125
1559.032958984375,1496.6,52.1954345703125
1471.14111328125,1504.55,26.511962890625
1513.977783203125,1503.25,5.73095703125
1504.5198974609375,1502.05,2.9129638671875
1483.6197509765625,1503.8,0.0985107421875
1493.51806640625,1532.95,1.5357666015625
1525.838623046875,1537.15,16.0599365234375
1518.8524169921875,1540.2,24.6873779296875
1561.741943359375,1528.4,20.2569580078125
1521.671142578125,1525.95,6.8031005859375
1491.226318359375,1537.85,23.2701416015625
1534.537353515625,1546.1,24.3148193359375
1546.337646484375,1529.1,6.894287109375
1510.4876708984375,1523.7,15.742431640625
1492.76806640625,1509.2,23.7733154296875
1508.9619140625,1498.25,1.777587890625
1519.306640625,1490.65,17.702392578125
1500.09716796875,1515.2,13.2418212890625
1511.9498291015625,1503.1,8.79833984375
1528.784423828125,1497.2,7.796142578125
1508.2255859375,1502.1,13.9229736328125
1486.47509765625,1503.5,6.704833984375
1532.9957275390625,1500.7,3.98486328125
1518.38623046875,1501.9,13.9896240234375
1530.1585693359375,1522.1,5.22216796875
1529.943359375,1520.65,8.8734130859375
1520.9144287109375,1528.75,4.1861572265625
1518.582763671875,1506.4,15.211669921875
1491.0889892578125,1489.9,13.42724609375
1491.123291015625,1485.3,4.5675048828125
1466.0576171875,1473.45,21.4227294921875
1480.11328125,1492.6,18.88134765625
1493.4814453125,1517.1,1.714599609375
1500.1951904296875,1499.15,14.0631103515625
1514.333740234375,1501.25,5.6842041015625
1493.29150390625,1505.85,21.119873046875
1495.018310546875,1507.25,0.718505859375
1513.594482421875,1494.8,2.647705078125
1486.3189697265625,1479.15,8.8197021484375
1484.997314453125,1490.6,17.850830078125
1470.8582763671875,1487.8,27.24072265625
1506.1336669921875,1485.1,14.37109375
1447.903076171875,1492.65,48.029052734375
1452.045166015625,1490.0,51.43701171875
1490.3121337890625,1491.65,0.911865234375
1505.735595703125,1485.35,9.6546630859375
1516.76318359375,1494.45,2.251220703125
1474.541259765625,1496.55,0.8623046875
1476.8499755859375,1513.45,28.153564453125
1498.01318359375,1492.4,13.361572265625
1489.9022216796875,1486.75,10.2994384765625
1487.5516357421875,1492.1,1.354248046875
1482.026611328125,1510.95,9.961181640625
1518.6658935546875,1508.8,4.0191650390625
1517.350830078125,1509.45,4.85400390625
1527.416015625,1488.95,34.7171630859375
1484.615966796875,1486.05,1.6329345703125
1486.324462890625,1484.25,13.435791015625
1514.4893798828125,1464.15,3.425048828125
1476.8294677734375,1458.7,11.9268798828125
1452.5660400390625,1452.05,4.70751953125
1463.150390625,1462.9,10.74267578125
1434.8892822265625,1466.65,20.423583984375
1483.1256103515625,1466.9,11.1644287109375
1468.6885986328125,1467.65,6.913818359375
1480.4246826171875,1468.45,11.3038330078125
1435.0584716796875,1471.7,31.6561279296875
1463.390625,1467.05,16.507080078125
1474.5673828125,1464.45,17.408203125
1472.3878173828125,1458.4,4.8507080078125
1423.5189208984375,1454.65,25.6998291015625
1486.4287109375,1454.35,3.909912109375
1448.361083984375,1454.65,4.691650390625
1482.66796875,1460.15,28.9117431640625
1464.88037109375,1461.15,9.2510986328125
1470.895751953125,1477.3,2.9052734375
1458.2022705078125,1475.1,21.2783203125
1451.8167724609375,1475.95,15.6190185546875
1473.076416015625,1459.65,17.360107421875
1467.7274169921875,1461.7,4.7110595703125
1469.813232421875,1464.95,4.675048828125
1465.1058349609375,1466.8,7.9561767578125
1471.407958984375,1467.8,5.2711181640625
1469.2940673828125,1466.6,14.1744384765625
1478.9564208984375,1477.9,11.7220458984375
1477.0198974609375,1475.8,9.0777587890625
1469.7232666015625,1474.05,2.3231201171875
1501.75,1476.7,18.1396484375
1465.43115234375,1479.0,0.8087158203125
1489.730712890625,1482.1,23.4891357421875
1481.827880859375,1511.5,1.7435302734375
1506.5628662109375,1514.75,1.9097900390625
1500.8759765625,1527.1,21.4903564453125
1527.5152587890625,1548.75,4.6026611328125
1542.328369140625,1573.1,6.9190673828125
1570.90380859375,1567.85,6.3726806640625
1601.2047119140625,1571.95,36.1893310546875
1552.9447021484375,1550.75,13.352294921875
1544.7572021484375,1553.6,0.43017578125
1544.89404296875,1549.9,15.6422119140625
1527.453125,1545.1,31.6124267578125
1521.63916015625,1549.0,38.6212158203125
1562.720703125,1554.55,0.050537109375
1534.954345703125,1557.6,15.19287109375
1566.3077392578125,1560.15,9.1734619140625
1545.112548828125,1551.3,9.80224609375
1547.1541748046875,1556.9,2.74951171875
1531.8509521484375,1562.9,34.214599609375
1572.8807373046875,1564.3,0.232421875
1582.265625,1580.1,21.659912109375
1562.4298095703125,1574.0,18.6248779296875
1563.279541015625,1573.45,16.41845703125
1573.46826171875,1578.25,4.16015625
1593.5233154296875,1584.2,13.4615478515625
1583.989013671875,1574.75,0.9337158203125
1567.708984375,1558.35,13.6436767578125
1558.3656005859375,1553.3,6.3665771484375
1545.1024169921875,1563.3,12.40869140625
1565.1259765625,1572.65,21.077880859375
1550.420166015625,1573.2,34.6490478515625
1605.3436279296875,1570.5,34.9781494140625
1580.15380859375,1563.7,0.3231201171875
1563.9837646484375,1575.05,19.535888671875
1587.2032470703125,1581.4,16.62841796875
1573.8070068359375,1580.8,0.4498291015625
1588.9840087890625,1589.85,4.805908203125
1598.299560546875,1604.2,18.5531005859375
1604.974365234375,1619.0,9.7254638671875
1646.806396484375,1643.3,2.7178955078125
1618.2344970703125,1671.65,26.3785400390625
1676.9036865234375,1650.3,2.0343017578125
1669.409423828125,1634.9,7.4527587890625
1615.4053955078125,1652.0,21.8931884765625
1653.984619140625,1609.85,9.1126708984375
1642.5533447265625,1599.65,3.3529052734375
1600.20361328125,1615.5,4.8037109375
1624.2991943359375,1641.85,21.998291015625
1635.821533203125,1659.6,8.0037841796875
1659.5897216796875,1683.65,5.4788818359375
1668.4403076171875,1672.5,1.315673828125
1665.8223876953125,1655.7,16.191162109375
1661.7188720703125,1653.75,16.787353515625
1645.358154296875,1570.7,7.4691162109375
1577.1309814453125,1562.8,15.5469970703125
1581.3287353515625,1487.7,22.22314453125
1444.20849609375,1536.2,53.606201171875
1528.1572265625,1498.2,6.5205078125
1516.142822265625,1474.25,23.3919677734375
1471.15771484375,1494.4,11.2899169921875
1497.3636474609375,1525.4,16.516845703125
1522.3973388671875,1605.75,8.3260498046875
1608.1990966796875,1605.45,15.8748779296875
1636.222900390625,1634.8,47.9566650390625
1633.26416015625,1617.3,12.94189453125
1640.48681640625,1618.3,24.62646484375
1618.353515625,1608.95,14.4114990234375
1637.18603515625,1576.55,17.806396484375
1573.9268798828125,1616.8,0.48388671875
1606.637451171875,1613.1,1.076171875
1613.6025390625,1648.3,4.5035400390625
1633.9490966796875,1649.25,27.64306640625
1617.20556640625,1647.8,19.931396484375
1647.714111328125,1680.65,6.7757568359375
1672.2110595703125,1741.9,11.16650390625
1740.028076171875,1718.65,26.1920166015625
1726.7564697265625,1729.5,11.278076171875
1738.98779296875,1692.55,19.4576416015625
1683.7449951171875,1686.2,16.3720703125
1659.8902587890625,1682.05,16.9910888671875
1656.43994140625,1710.55,16.2913818359375
1677.4486083984375,1736.25,2.587158203125
1727.501953125,1715.9,12.542724609375
1731.66552734375,1714.95,13.2752685546875
1731.4915771484375,1691.55,13.7000732421875
1691.6063232421875,1703.35,6.3677978515625
1699.6871337890625,1702.75,3.775634765625
1697.0394287109375,1686.25,39.4407958984375
1675.6412353515625,1709.1,0.126953125
1705.5506591796875,1699.55,3.910888671875
1699.987548828125,1691.5,5.397705078125
1691.848388671875,1704.05,7.4320068359375
1704.9241943359375,1702.75,4.3629150390625
1698.151611328125,1702.4,14.0572509765625
1692.5908203125,1708.4,12.8179931640625
1709.39794921875,1731.6,2.14990234375
1721.5780029296875,1735.35,5.4302978515625
1733.5423583984375,1734.7,17.5380859375
1747.45068359375,1737.95,11.84765625
1744.5428466796875,1748.3,7.54052734375
1746.1007080078125,1724.9,1.472412109375
1729.31201171875,1733.55,27.362548828125
1766.79150390625,1720.25,34.314208984375
1728.177734375,1694.6,16.5631103515625
1701.203369140625,1717.35,10.6424560546875
1728.912353515625,1728.7,16.3162841796875
1733.375,1730.6,5.7066650390625
1721.6292724609375,1742.15,7.4132080078125
1757.9100341796875,1705.35,20.3009033203125
1703.542724609375,1700.05,3.26171875
1689.666259765625,1683.45,2.158447265625
1699.5447998046875,1690.35,1.1510009765625
1704.291015625,1713.5,10.210693359375
1728.2978515625,1722.05,3.170166015625
1737.1556396484375,1738.25,0.4298095703125
1740.8270263671875,1733.5,24.805908203125
1752.8707275390625,1710.45,18.1844482421875
1711.12353515625,1719.85,4.3935546875
1696.763916015625,1724.35,6.6268310546875
1714.6748046875,1719.5,10.0838623046875
1705.0711669921875,1734.75,6.34228515625
1730.1790771484375,1761.85,13.20263671875
1763.1871337890625,1768.9,3.068359375
1779.4542236328125,1766.05,15.7264404296875
1791.101318359375,1756.55,26.6220703125
1778.089599609375,1747.6,23.5020751953125
1768.099853515625,1771.6,26.857177734375
1790.9228515625,1768.1,5.0662841796875
1781.5439453125,1771.05,6.7598876953125
1728.400634765625,1777.45,43.5338134765625
1768.8497314453125,1772.9,7.9228515625
1712.0230712890625,1787.9,38.819580078125
1788.4970703125,1789.55,1.2601318359375
1770.1875,1811.1,10.139404296875
1818.052490234375,1812.1,14.996826171875
1814.646484375,1803.1,6.914794921875
1793.596923828125,1807.5,8.6710205078125
1823.6199951171875,1801.9,24.576904296875
1793.5574951171875,1804.6,8.36083984375
1762.05029296875,1807.7,28.7860107421875
1807.8721923828125,1807.35,10.2017822265625
1810.365234375,1815.65,10.853271484375
1799.4212646484375,1842.55,12.531982421875
1862.9013671875,1852.4,14.62353515625
1854.4359130859375,1878.3,7.5521240234375
1893.635986328125,1902.1,14.3575439453125
1905.451171875,1936.65,2.8309326171875
1964.4971923828125,1940.9,28.415771484375
1941.1636962890625,1950.9,4.440185546875
1955.9598388671875,1957.65,22.1248779296875
1973.59326171875,1964.9,3.1673583984375
1992.7762451171875,1958.55,21.7122802734375
1962.6429443359375,1977.9,3.744140625
1985.8134765625,2048.15,16.862060546875
2063.51220703125,2067.15,10.8541259765625
2075.203857421875,2031.15,17.031005859375
2026.0257568359375,2044.5,8.857177734375
2053.968017578125,1939.65,7.282470703125
1953.4498291015625,1931.9,10.9111328125
1933.8831787109375,1944.25,2.7017822265625
1968.0404052734375,1944.75,24.6163330078125
1945.2279052734375,1972.85,4.654541015625
1976.451171875,2008.75,13.64453125
2006.82568359375,1981.0,0.8603515625
1985.4364013671875,1927.15,13.471435546875
1944.38330078125,1924.35,5.3853759765625
1914.166259765625,1943.95,8.0206298828125
1969.0390625,1911.15,27.26953125
1930.539794921875,1932.95,21.1341552734375
1932.514892578125,1923.85,3.7674560546875
1919.4088134765625,1957.35,30.6939697265625
1961.18310546875,1972.35,5.0780029296875
1993.4976806640625,1947.05,24.832275390625
1947.2152099609375,1940.45,10.458251953125
1935.7838134765625,1926.3,25.7041015625
1954.1702880859375,1928.45,28.5540771484375
1909.64453125,1910.95,23.445556640625
1910.23193359375,1947.2,4.905517578125
2001.850341796875,1966.25,50.5068359375
2004.6234130859375,1947.4,42.6903076171875
1953.2576904296875,1958.7,22.2940673828125
1946.17236328125,1949.35,3.545654296875
1950.2010498046875,1961.8,18.01806640625
1962.2784423828125,1936.25,23.368896484375
1951.58154296875,1950.85,18.4501953125
1940.9473876953125,1909.35,8.8121337890625
1945.24560546875,1906.0,24.8997802734375
1910.963134765625,1873.4,1.340087890625
1855.441650390625,1861.75,24.624267578125
1852.49853515625,1859.7,2.6988525390625
1883.9755859375,1864.3,0.764892578125
1869.6627197265625,1883.95,1.72265625
1908.9637451171875,1886.9,26.32666015625
1901.260498046875,1902.0,13.3822021484375
1893.610107421875,1903.05,14.69580078125
1922.30615234375,1909.6,26.4102783203125
1921.766845703125,1913.4,5.4852294921875
1901.1904296875,1884.5,1.9005126953125
1899.12744140625,1887.45,22.1640625
1889.7197265625,1923.25,4.4722900390625
1925.4619140625,1925.5,19.3031005859375
1886.930419921875,1891.3,24.437744140625
1878.540283203125,1910.05,10.08837890625
1914.5791015625,1891.9,0.90625
1906.107177734375,1905.05,0.13330078125
1928.58203125,1905.6,27.7060546875
1918.9678955078125,1898.4,12.3895263671875
1889.0032958984375,1924.15,15.70263671875
1920.39306640625,1900.95,3.5164794921875
1891.3048095703125,1903.65,0.865234375
1915.783203125,1898.45,5.518798828125
1869.12451171875,1905.7,34.93359375
1918.0169677734375,1869.95,28.068359375
1842.1776123046875,1870.3,17.4903564453125
1868.99365234375,1881.85,9.833251953125
1897.6226806640625,1889.9,10.4056396484375
1890.9449462890625,1908.3,5.5052490234375
1907.4134521484375,1900.15,5.5679931640625
1907.61083984375,1938.45,3.7581787109375
1954.868896484375,1940.8,5.7437744140625
1940.747314453125,1867.3,12.088134765625
1876.9361572265625,1878.7,6.9781494140625
1878.404541015625,1860.95,9.3804931640625
1874.0771484375,1874.85,8.8267822265625
1878.716064453125,1890.9,3.4534912109375
1867.9971923828125,1885.6,28.7305908203125
1883.257568359375,1889.05,6.9835205078125
1890.2352294921875,1876.1,15.8848876953125
1864.0340576171875,1857.35,1.353759765625
1856.402587890625,1875.7,4.6929931640625
1883.5166015625,1840.2,4.5306396484375
1840.2742919921875,1799.6,8.2127685546875
1810.5841064453125,1810.2,0.200439453125
1820.6666259765625,1807.4,10.4222412109375
1775.1983642578125,1779.3,33.1114501953125
1760.604248046875,1762.55,8.0799560546875
1756.0322265625,1810.75,13.69677734375
1801.615478515625,1822.6,19.6341552734375
1836.063232421875,1832.35,7.325927734375
1843.60009765625,1843.0,12.7764892578125
1836.991455078125,1859.95,42.549560546875
1856.608154296875,1868.15,4.365234375
1862.2955322265625,1841.75,8.3465576171875
1837.1251220703125,1844.35,41.165771484375
1871.933837890625,1842.0,0.07080078125
1856.3377685546875,1831.15,24.08349609375
1849.805419921875,1850.65,0.13232421875
1875.7161865234375,1851.95,17.2437744140625
1842.2762451171875,1890.75,16.77734375
1872.4210205078125,1879.75,10.7982177734375
1883.523193359375,1880.0,13.7713623046875
1909.9521484375,1877.1,32.3505859375
1858.9150390625,1875.0,24.8507080078125
1863.6082763671875,1874.3,14.7012939453125
1864.5262451171875,1887.6,13.08349609375
1897.2681884765625,1943.2,7.6387939453125
2004.1348876953125,1940.35,56.2801513671875
1954.3192138671875,1931.95,5.67333984375
1942.7342529296875,1920.1,11.87451171875
1936.7548828125,1862.9,3.5799560546875
1867.9100341796875,1847.25,1.3701171875
1847.3614501953125,1841.25,4.533203125
1848.0699462890625,1858.85,2.4141845703125
1860.4244384765625,1841.75,7.8182373046875
1850.282470703125,1839.0,0.6776123046875
1847.961669921875,1833.05,4.443359375
1802.535888671875,1834.7,41.3463134765625
1827.056884765625,1856.6,2.8568115234375
1838.9951171875,1862.1,22.8577880859375
1863.6343994140625,1852.7,9.1014404296875
1836.0582275390625,1856.85,27.2601318359375
1832.97607421875,1856.6,43.6253662109375
1875.9544677734375,1843.0,12.782470703125
1834.822021484375,1853.7,14.188720703125
1861.2674560546875,1863.8,4.197509765625
1900.190185546875,1862.95,24.2220458984375
1840.9482421875,1833.1,20.7025146484375
1832.995361328125,1835.45,0.724609375
1807.1544189453125,1785.9,37.4610595703125
1780.6964111328125,1802.95,0.8714599609375
1760.9031982421875,1835.25,28.2830810546875
1830.0625,1839.6,41.7286376953125
1834.0465087890625,1842.65,5.231201171875
1852.775390625,1840.1,0.1319580078125
1847.570556640625,1816.35,26.722412109375
1803.631591796875,1817.3,4.947509765625
1814.681396484375,1794.25,9.554931640625
1818.352783203125,1780.7,9.392333984375
1758.9371337890625,1773.15,24.37939453125
1778.601318359375,1786.2,5.0906982421875
1785.789794921875,1807.45,24.912841796875
1837.2686767578125,1799.65,17.960205078125
1792.6339111328125,1788.0,16.24853515625
1789.705078125,1779.65,17.203369140625
1795.881591796875,1742.85,7.5118408203125
1771.73095703125,1734.15,17.9449462890625
1707.7652587890625,1723.85,19.56591796875
1727.2091064453125,1711.4,2.2095947265625
1700.77490234375,1712.1,15.2435302734375
1729.017333984375,1696.25,1.3809814453125
1705.06298828125,1687.05,3.686767578125
1654.9991455078125,1716.9,54.1800537109375
1705.414306640625,1716.2,2.5623779296875
1741.419921875,1724.25,25.7254638671875
1714.512451171875,1704.8,10.2900390625
1706.0003662109375,1723.65,22.202392578125
1714.2987060546875,1735.0,9.9039306640625
1743.0164794921875,1729.65,12.5797119140625
1721.0438232421875,1725.9,12.40087890625
1727.4398193359375,1735.2,14.1077880859375
1729.3013916015625,1736.15,4.4617919921875
1740.71240234375,1726.2,4.2060546875
1741.2607421875,1730.5,12.6754150390625
1759.950927734375,1737.3,16.872802734375
1744.783935546875,1731.8,6.649658203125
1711.890625,1705.95,12.8291015625
1706.64306640625,1683.95,21.6951904296875
1707.577392578125,1691.05,18.343994140625
1652.117431640625,1726.05,24.4412841796875
1727.6463623046875,1744.65,13.6236572265625
1780.7508544921875,1738.05,39.9383544921875
1734.0784912109375,1755.5,13.8018798828125
1762.615966796875,1741.2,5.0792236328125
1727.2974853515625,1732.85,17.379150390625
1713.02197265625,1747.95,12.747802734375
1735.75634765625,1735.55,20.240966796875
1753.12451171875,1757.2,11.4130859375
1775.1263427734375,1774.45,3.4959716796875
1778.3798828125,1774.5,0.8486328125
1777.16748046875,1777.85,8.2718505859375
1787.9244384765625,1798.2,12.6820068359375
1779.6185302734375,1787.75,8.214599609375
1794.870849609375,1781.8,8.55712890625
1782.8330078125,1773.35,11.7623291015625
1761.1072998046875,1784.15,27.7972412109375
1794.882080078125,1772.2,2.3714599609375
1756.10546875,1762.65,13.6776123046875
1756.37158203125,1767.65,13.4573974609375
1768.7557373046875,1797.75,10.4444580078125
1796.6876220703125,1782.25,4.13720703125
1803.91845703125,1813.15,0.739990234375
1828.518310546875,1836.55,9.6253662109375
1847.2498779296875,1840.45,6.1815185546875
1831.1854248046875,1829.1,15.0987548828125
1829.42431640625,1830.7,5.349365234375
1831.0926513671875,1821.8,6.596923828125
1798.8363037109375,1838.1,12.4393310546875
1843.2716064453125,1853.7,5.6583251953125
1861.2147216796875,1866.75,4.1446533203125
1869.73681640625,1888.45,28.192626953125
1886.6558837890625,1878.3,7.53173828125
1855.232421875,1875.9,33.2041015625
1869.0572509765625,1880.15,10.432861328125
1879.846923828125,1887.0,4.0810546875
1873.0206298828125,1899.75,8.8690185546875
1887.2047119140625,1891.45,18.8511962890625
1878.9869384765625,1899.95,10.121337890625
1889.392578125,1899.35,11.1651611328125
1916.0546875,1902.75,29.859375
1911.65771484375,1866.55,6.878173828125
1877.80908203125,1890.6,4.6868896484375
1880.5228271484375,1888.4,13.892822265625
1898.9576416015625,1893.15,21.433837890625
1893.283447265625,1894.6,10.4423828125
1868.4586181640625,1888.65,12.9652099609375
1877.8035888671875,1881.05,12.001708984375
1854.9296875,1865.6,0.3077392578125
1860.8388671875,1865.1,2.9459228515625
1855.2420654296875,1860.75,2.09228515625
1876.8280029296875,1778.7,0.2174072265625
1790.6390380859375,1773.1,7.88037109375
1750.924560546875,1775.05,24.7918701171875
1769.0435791015625,1775.05,1.95263671875
1754.7786865234375,1791.6,21.345458984375
1795.6971435546875,1784.85,4.4803466796875
1822.9559326171875,1786.65,5.4393310546875
1755.0692138671875,1780.3,20.0103759765625
1807.7177734375,1755.45,6.7845458984375
1768.046630859375,1763.15,11.693359375
1752.1373291015625,1781.5,26.5672607421875
1774.021240234375,1786.15,2.33203125
1752.1685791015625,1791.35,21.072998046875
1784.898681640625,1809.85,10.251953125
1839.1976318359375,1804.65,17.4891357421875
1861.4417724609375,1807.7,52.4696044921875
1808.3255615234375,1806.0,6.7379150390625
1820.70166015625,1792.4,8.958740234375
1786.326416015625,1813.85,20.0748291015625
1799.6534423828125,1823.2,10.4998779296875
1842.8958740234375,1823.75,15.1776123046875
1847.532958984375,1824.3,16.4522705078125
1824.593994140625,1814.9,5.3189697265625
1825.275634765625,1823.05,11.57373046875
1808.3670654296875,1802.15,6.7880859375
1763.87255859375,1799.45,35.38134765625
1805.0653076171875,1799.6,1.491943359375
1797.55908203125,1800.2,4.700927734375
1797.945556640625,1800.35,4.4876708984375
1813.821533203125,1796.6,1.2301025390625
1813.514892578125,1829.3,15.7857666015625
1801.6241455078125,1825.75,36.8414306640625
1801.822998046875,1811.45,34.759033203125
1805.3583984375,1812.65,1.8729248046875
1814.665771484375,1829.1,7.445556640625
1802.49658203125,1800.75,35.76904296875
1786.2586669921875,1762.9,0.270263671875
1746.2401123046875,1738.85,8.970703125
1732.777587890625,1723.35,10.54443359375
1742.4638671875,1743.6,38.258056640625
1767.055419921875,1747.4,3.7132568359375
1758.925048828125,1773.85,10.6219482421875
1775.504638671875,1786.35,12.6131591796875
1785.94921875,1789.45,24.9034423828125
1776.873779296875,1783.45,11.0938720703125
1777.98046875,1782.05,19.470703125
1769.2999267578125,1779.05,1.484619140625
1780.283935546875,1802.0,1.89697265625
1796.613037109375,1808.45,1.8680419921875
1815.87939453125,1788.7,11.2239990234375
1778.6448974609375,1786.6,8.44970703125
1768.3355712890625,1798.5,9.041259765625
1768.3538818359375,1814.85,30.2799072265625
1844.7200927734375,1811.8,18.0115966796875
1785.8927001953125,1812.55,1.546142578125
1807.728271484375,1823.7,19.0008544921875
1815.12353515625,1821.6,18.80615234375
1813.987548828125,1802.15,17.9056396484375
1803.9560546875,1786.0,9.5230712890625
1755.658447265625,1788.25,19.042724609375
1785.4954833984375,1794.6,16.7557373046875
