日期,预测值,实际值,损失
10/31/16,713.544189453125,697.01,5.70159912109375
11/1/16,695.1412963867188,733.33,2.9447021484375
11/2/16,723.3688354492188,686.17,12.20965576171875
11/3/16,684.8841552734375,683.69,2.28558349609375
11/4/16,686.0682373046875,704.79,3.13055419921875
11/5/16,701.372314453125,712.0,22.6695556640625
11/6/16,716.228759765625,709.96,13.0169677734375
11/7/16,706.6707763671875,708.97,4.14031982421875
11/8/16,707.7476806640625,720.93,15.27606201171875
11/9/16,708.9263305664062,721.5,19.96990966796875
11/10/16,719.4349365234375,715.45,23.533447265625
11/11/16,718.326904296875,703.71,0.91693115234375
11/12/16,692.16748046875,702.28,16.10858154296875
11/13/16,688.95068359375,706.46,12.130859375
11/14/16,728.3012084960938,710.91,32.27032470703125
11/15/16,650.3081665039062,711.73,66.83770751953125
11/16/16,709.8427734375,736.96,15.94097900390625
11/17/16,738.6192626953125,747.52,10.55657958984375
11/18/16,753.8273315429688,748.98,5.80340576171875
11/19/16,758.1163330078125,729.06,0.3001708984375
11/20/16,741.1754760742188,738.53,9.72979736328125
11/21/16,748.2704467773438,736.97,0.7596435546875
11/22/16,753.5744018554688,741.63,22.50262451171875
11/23/16,725.0094604492188,737.45,19.455078125
11/24/16,789.4707641601562,735.64,51.87933349609375
11/25/16,747.7919921875,733.67,9.6932373046875
11/26/16,730.5414428710938,727.96,0.91357421875
11/27/16,742.1448974609375,727.31,3.6788330078125
11/28/16,712.7833251953125,732.71,6.6317138671875
11/29/16,741.4092407226562,742.69,13.06695556640625
11/30/16,748.621337890625,742.05,6.09368896484375
12/1/16,755.3463134765625,772.43,19.26324462890625
12/2/16,771.7018432617188,764.33,0.5045166015625
12/3/16,778.25146484375,762.97,13.08111572265625
12/4/16,785.7481689453125,754.63,13.08709716796875
12/5/16,747.6177368164062,756.62,3.37933349609375
12/6/16,690.1093139648438,758.99,73.226318359375
12/7/16,754.0402221679688,769.72,4.14556884765625
12/8/16,782.906494140625,770.02,5.6270751953125
12/9/16,768.5707397460938,769.08,6.5565185546875
12/10/16,775.2030639648438,777.0,15.446044921875
12/11/16,776.5259399414062,777.0,1.556396484375
12/12/16,805.8298950195312,777.99,46.935546875
12/13/16,773.7283935546875,774.89,3.8936767578125
12/14/16,743.21142578125,776.75,45.99835205078125
12/15/16,779.4448852539062,775.88,4.41943359375
12/16/16,737.36376953125,788.7,62.6572265625
12/17/16,800.6019287109375,788.4,16.12359619140625
12/18/16,797.1382446289062,788.67,5.491455078125
12/19/16,781.8714599609375,793.09,22.90313720703125
12/20/16,780.4292602539062,824.21,17.79754638671875
12/21/16,826.32275390625,834.97,3.57489013671875
12/22/16,868.5411376953125,901.31,31.71533203125
12/23/16,910.8067626953125,891.61,19.7021484375
12/24/16,891.6996459960938,892.6,11.361083984375
12/25/16,920.33837890625,897.33,38.570556640625
12/26/16,918.236083984375,930.37,14.68798828125
12/27/16,931.0587158203125,930.34,4.47216796875
12/28/16,891.1708374023438,963.38,24.6754150390625
12/29/16,973.7656860351562,952.15,20.296142578125
12/30/16,981.8042602539062,958.12,21.37713623046875
12/31/16,957.2837524414062,997.72,7.6044921875
1/1/17,989.9243774414062,1015.97,11.01800537109375
1/2/17,1004.77197265625,1013.42,9.30364990234375
1/3/17,1065.1837158203125,1126.76,32.46856689453125
1/4/17,1141.703369140625,994.67,9.6036376953125
1/5/17,1012.4465942382812,999.65,6.786376953125
1/6/17,996.1170043945312,896.83,1.11114501953125
1/7/17,892.6747436523438,908.14,28.65789794921875
1/8/17,903.9715576171875,910.49,13.07733154296875
1/9/17,924.7183227539062,906.05,27.52056884765625
1/10/17,953.7754516601562,785.22,57.84027099609375
1/11/17,796.416259765625,780.92,11.9822998046875
1/12/17,794.6568603515625,826.29,0.7249755859375
1/13/17,817.3973999023438,817.91,12.933837890625
1/14/17,813.6744384765625,819.55,12.44915771484375
1/15/17,844.43505859375,830.5,34.88397216796875
1/16/17,832.2471313476562,903.84,12.49786376953125
1/17/17,911.379638671875,906.6,11.66943359375
1/18/17,912.5752563476562,895.798875,0.847412109375
1/19/17,900.6632080078125,893.6210875,20.5072021484375
1/20/17,892.9771728515625,895.64,4.058837890625
1/21/17,881.3306884765625,918.603625,18.51910400390625
1/22/17,904.8019409179688,922.0736125,15.98193359375
1/23/17,966.507080078125,919.97,26.8924560546875
1/24/17,904.5753173828125,893.045625,10.36444091796875
1/25/17,884.0192260742188,915.95625,22.76348876953125
1/26/17,924.0488891601562,915.05,1.301025390625
1/27/17,915.3954467773438,920.31225,12.22760009765625
1/28/17,955.6591186523438,915.933,33.305419921875
1/29/17,916.8408813476562,912.19,12.7900390625
1/30/17,919.191162109375,964.706075,7.10894775390625
1/31/17,965.7554931640625,979.703875,9.2677001953125
2/1/17,984.2905883789062,983.42,1.8917236328125
2/2/17,985.0006103515625,1013.027,5.75347900390625
2/3/17,1032.4569091796875,1030.999413,8.27392578125
2/4/17,1036.540771484375,1034.07,7.0009765625
2/5/17,1043.3343505859375,1024.01375,6.197021484375
2/6/17,1019.202880859375,1050.11,10.4862060546875
2/7/17,1040.2635498046875,1052.84,15.119140625
2/8/17,1033.8291015625,976.103,2.76123046875
2/9/17,967.8016967773438,999.1035,0.2833251953125
2/10/17,1004.9221801757812,997.59,5.21697998046875
2/11/17,999.0986328125,1000.604625,2.24249267578125
2/12/17,1015.7536010742188,999.877375,2.6156005859375
2/13/17,999.9277954101562,1001.2,1.14208984375
2/14/17,984.8297119140625,1012.325988,16.4447021484375
2/15/17,1012.6912841796875,1035.208125,2.97991943359375
2/16/17,1008.4325561523438,1035.2,20.2034912109375
2/17/17,1048.6373291015625,1056.637138,8.50830078125
2/18/17,1089.491943359375,1052.779286,48.70703125
2/19/17,1042.8067626953125,1050.87,5.482421875
2/20/17,1039.4642333984375,1123.788429,8.892333984375
2/21/17,1163.14453125,1123.223188,65.5087890625
2/22/17,1128.534423828125,1130.01,8.2447509765625
2/23/17,1134.7266845703125,1174.86625,1.7445068359375
2/24/17,1184.8990478515625,1150.605714,8.9423828125
2/25/17,1162.5494384765625,1150.37,17.1395263671875
2/26/17,1153.9046630859375,1190.75195,16.2120361328125
2/27/17,1187.7410888671875,1187.565286,1.7626953125
2/28/17,1205.421875,1190.89,16.8680419921875
3/1/17,1200.010986328125,1259.410817,22.2823486328125
3/2/17,1271.7122802734375,1285.14,1.1851806640625
3/3/17,1289.10302734375,1287.0,19.442138671875
3/4/17,1303.611083984375,1270.9333,13.7728271484375
3/5/17,1282.0126953125,1275.197375,19.848876953125
3/6/17,1285.193603515625,1279.5,7.3277587890625
3/7/17,1293.212646484375,1157.3933,8.4462890625
3/8/17,1149.33251953125,1192.469143,7.0589599609375
3/9/17,1219.4176025390625,1192.09,18.7001953125
3/10/17,1188.8963623046875,1179.159875,1.7899169921875
3/11/17,1189.9537353515625,1227.494625,9.11962890625
3/12/17,1204.5509033203125,1227.68,42.608642578125
3/13/17,1191.820556640625,1245.370786,24.325927734375
3/14/17,1238.521484375,1257.399625,23.2857666015625
3/15/17,1279.5604248046875,1257.0,1.3399658203125
3/16/17,1258.0859375,1091.171888,3.899169921875
3/17/17,1114.2327880859375,952.2323625,25.0233154296875
3/18/17,986.9442749023438,967.69,56.8411865234375
3/19/17,955.9346313476562,1049.084488,17.2742919921875
3/20/17,1033.277587890625,1118.630043,16.5916748046875
3/21/17,1119.645263671875,1113.0,11.021484375
3/22/17,1087.919189453125,1038.789,26.6607666015625
3/23/17,1075.523681640625,941.9197143,60.875732421875
3/24/17,944.1932373046875,927.93,0.48834228515625
3/25/17,942.2769775390625,956.7863125,2.14874267578125
3/26/17,954.3917846679688,1037.22925,12.85809326171875
3/27/17,1055.932373046875,1041.04,1.53173828125
3/28/17,1058.8055419921875,1040.5755,1.9854736328125
3/29/17,1041.993896484375,1037.90455,9.7584228515625
3/30/17,1037.92919921875,1034.74,8.87646484375
3/31/17,1031.4718017578125,1086.929571,17.48895263671875
4/1/17,1091.423095703125,1099.169125,6.4808349609375
4/2/17,1081.4669189453125,1079.99,25.735595703125
4/3/17,1080.420654296875,1141.600363,1.098388671875
4/4/17,1147.7734375,1133.079314,2.886962890625
4/5/17,1148.802490234375,1133.53,17.7574462890625
4/6/17,1111.5635986328125,1190.45425,39.9925537109375
4/7/17,1174.4505615234375,1181.149838,1.9517822265625
4/8/17,1193.82958984375,1184.03,18.6611328125
4/9/17,1144.2947998046875,1207.744875,25.0303955078125
4/10/17,1200.891357421875,1226.617038,7.68603515625
4/11/17,1226.9208984375,1219.09,23.1942138671875
4/12/17,1225.2171630859375,1180.023713,15.330078125
4/13/17,1169.66552734375,1185.260057,6.9659423828125
4/14/17,1166.7489013671875,1170.36,26.998046875
4/15/17,1165.85791015625,1186.927413,19.9215087890625
4/16/17,1186.3438720703125,1205.634875,4.1893310546875
4/17/17,1220.7747802734375,1176.97,3.6737060546875
4/18/17,1190.247314453125,1217.930088,11.2022705078125
4/19/17,1223.641845703125,1241.686325,15.0592041015625
4/20/17,1248.201904296875,1236.63,9.677978515625
4/21/17,1239.9859619140625,1261.311225,17.4112548828125
4/22/17,1265.8388671875,1257.988113,8.212646484375
4/23/17,1231.5126953125,1240.84,27.3931884765625
4/24/17,1232.5711669921875,1279.414688,16.904052734375
4/25/17,1291.27587890625,1309.109875,8.112060546875
4/26/17,1322.3367919921875,1288.02,7.154541015625
4/27/17,1279.4671630859375,1331.294429,13.215087890625
4/28/17,1307.873046875,1334.979038,44.9273681640625
4/29/17,1360.996337890625,1333.0,32.578857421875
4/30/17,1328.1883544921875,1417.172813,4.7041015625
5/1/17,1425.2373046875,1452.076288,9.1812744140625
5/2/17,1445.2430419921875,1447.55,2.1549072265625
5/3/17,1419.96435546875,1508.292125,2.6124267578125
5/4/17,1522.5810546875,1533.335071,8.94921875
5/5/17,1533.0672607421875,1518.75,4.5048828125
5/6/17,1479.7239990234375,1535.868429,39.5946044921875
5/7/17,1517.2081298828125,1640.619225,22.5518798828125
5/8/17,1634.9339599609375,1651.1,5.2589111328125
5/9/17,1655.486328125,1762.88625,7.2706298828125
5/10/17,1784.6817626953125,1820.990563,3.3046875
5/11/17,1843.06298828125,1829.0,17.229248046875
5/12/17,1844.9560546875,1771.920013,2.83154296875
5/13/17,1777.40625,1776.3165,13.2076416015625
5/14/17,1772.33056640625,1780.0,0.25830078125
5/15/17,1768.309814453125,1739.031975,0.67236328125
5/16/17,1751.626220703125,1807.485063,31.7384033203125
5/17/17,1790.177001953125,1783.98,10.927001953125
5/18/17,1757.8056640625,1961.520488,26.7772216796875
5/19/17,1965.44677734375,2052.909788,4.9849853515625
5/20/17,2057.93017578125,2008.84,5.542724609375
5/21/17,2008.546875,2090.662313,10.8560791015625
5/22/17,2081.68798828125,2287.710288,15.910888671875
5/23/17,2289.26171875,2256.32,6.487548828125
5/24/17,2279.820068359375,2387.206286,0.4619140625
5/25/17,2407.81640625,2211.976857,0.7236328125
5/26/17,2214.1748046875,2279.82,11.912109375
5/27/17,2265.661376953125,2192.9808,21.725830078125
5/28/17,2181.927734375,2275.9307,10.94091796875
5/29/17,2290.2666015625,2290.02,25.164794921875
5/30/17,2291.424560546875,2285.933914,6.34033203125
5/31/17,2284.180908203125,2399.242671,18.51611328125
6/1/17,2383.93408203125,2409.93,1.673828125
6/2/17,2374.10205078125,2525.765158,34.157470703125
6/3/17,2543.47802734375,2516.173143,0.487060546875
6/4/17,2501.078125,2529.53,0.142578125
6/5/17,2544.421142578125,2883.313697,3.760498046875
6/6/17,2860.955078125,2664.920863,3.395751953125
6/7/17,2661.2421875,2683.03,7.03662109375
6/8/17,2688.05029296875,2827.4913,13.155517578125
6/9/17,2797.708984375,2845.372857,8.07177734375
6/10/17,2850.16748046875,2898.63,1.434814453125
6/11/17,2912.95556640625,2657.675063,19.010986328125
6/12/17,2653.196533203125,2748.185086,2.89794921875
6/13/17,2779.0673828125,2706.0,21.32177734375
6/14/17,2696.107421875,2442.48025,0.843017578125
6/15/17,2441.19873046875,2464.959814,8.168212890625
6/16/17,2466.49365234375,2477.94,8.470458984375
6/17/17,2476.57958984375,2507.389252,10.819091796875
6/18/17,2534.575927734375,2617.210263,16.344970703125
6/19/17,2611.135986328125,2600.0,8.56640625
6/20/17,2601.68310546875,2671.04325,23.010986328125
6/21/17,2667.730224609375,2727.288013,9.872314453125
6/22/17,2731.605712890625,2713.48,5.74853515625
6/23/17,2699.0947265625,2589.164888,0.521240234375
6/24/17,2593.793212890625,2512.366286,0.64306640625
6/25/17,2518.709228515625,2502.03,23.164306640625
6/26/17,2515.31396484375,2517.903114,25.396728515625
6/27/17,2506.57275390625,2585.349186,0.266357421875
6/28/17,2572.81005859375,2558.3,4.784912109375
6/29/17,2585.79736328125,2477.641375,26.012451171875
6/30/17,2472.801025390625,2501.191343,2.74853515625
7/1/17,2519.22900390625,2421.26,29.948974609375
7/2/17,2382.88037109375,2561.225429,35.470947265625
7/3/17,2566.716552734375,2599.729838,12.390380859375
7/4/17,2592.90185546875,2598.89,8.7548828125
7/5/17,2587.103759765625,2609.96775,8.78515625
7/6/17,2604.779296875,2491.201214,28.0791015625
7/7/17,2473.14111328125,2502.86,32.41845703125
7/8/17,2520.560791015625,2536.238938,11.539306640625
7/9/17,2533.903564453125,2366.170143,11.102294921875
7/10/17,2353.74169921875,2327.09,19.767822265625
7/11/17,2324.885986328125,2385.748571,14.91650390625
7/12/17,2405.70849609375,2354.783417,10.825439453125
7/13/17,2355.677490234375,2338.49,19.860595703125
7/14/17,2349.53857421875,2058.9956,6.941162109375
7/15/17,2086.869873046875,1931.2143,18.752685546875
7/16/17,1930.07568359375,1910.96,1.628662109375
7/17/17,1913.1439208984375,2320.12225,1.0767822265625
7/18/17,2326.69287109375,2264.7657,0.724365234375
7/19/17,2245.976318359375,2265.21,9.22900390625
7/20/17,2260.473876953125,2682.195363,4.441162109375
7/21/17,2676.283447265625,2807.609857,26.913818359375
7/22/17,2802.257568359375,2825.51,20.320556640625
7/23/17,2835.05859375,2751.821029,11.22265625
7/24/17,2769.891845703125,2560.997917,12.169677734375
7/25/17,2549.440673828125,2564.3,17.863037109375
7/26/17,2552.434326171875,2647.625,10.954833984375
7/27/17,2651.474609375,2781.636583,4.9033203125
7/28/17,2762.967529296875,2784.8,26.088623046875
7/29/17,2763.009033203125,2745.955417,0.241455078125
7/30/17,2720.475341796875,2866.431667,4.248046875
7/31/17,2864.130126953125,2862.9,8.4091796875
8/1/17,2869.90185546875,2693.633983,11.239013671875
8/2/17,2687.232421875,2794.117717,2.908447265625
8/3/17,2814.2626953125,2790.0,2.724609375
8/4/17,2794.109130859375,3218.115017,1.124755859375
8/5/17,3259.525634765625,3252.562533,27.902587890625
8/6/17,3284.121337890625,3210.2,8.2265625
8/7/17,3212.359619140625,3457.374333,11.424072265625
8/8/17,3475.826904296875,3357.326317,20.63330078125
8/9/17,3335.0380859375,3340.28,1.13623046875
8/10/17,3329.435791015625,3632.506667,9.453857421875
8/11/17,3618.80419921875,3852.802914,8.8193359375
8/12/17,3867.0302734375,3868.52,10.122802734375
8/13/17,3899.62890625,4282.992,37.649169921875
8/14/17,4285.642578125,4217.028329,8.20703125
8/15/17,4197.89794921875,4179.97,21.09326171875
8/16/17,4162.98876953125,4328.725717,14.8623046875
8/17/17,4324.599609375,4130.440067,3.43017578125
8/18/17,4130.23193359375,4104.71,11.11767578125
8/19/17,4110.92236328125,4157.958033,4.78564453125
8/20/17,4163.67822265625,4043.722,3.8603515625
8/21/17,4044.653564453125,3986.28,3.31201171875
8/22/17,3977.009521484375,4174.95,15.104248046875
8/23/17,4169.6083984375,4340.316717,17.30712890625
8/24/17,4345.88671875,4331.77,13.49853515625
8/25/17,4330.19482421875,4360.513317,9.86083984375
8/26/17,4321.86328125,4354.308333,24.74365234375
8/27/17,4356.49462890625,4339.05,1.95654296875
8/28/17,4342.31201171875,4607.98545,1.51123046875
8/29/17,4611.21826171875,4594.98785,0.33447265625
8/30/17,4580.404296875,4582.52,6.20556640625
8/31/17,4573.96240234375,4911.740017,1.9423828125
9/1/17,4933.748046875,4580.38748,27.361328125
9/2/17,4570.365234375,4585.57,0.47802734375
9/3/17,4556.86083984375,4344.098317,21.0302734375
9/4/17,4340.83935546875,4488.72014,4.22314453125
9/5/17,4493.7236328125,4385.02,15.63720703125
9/6/17,4382.67724609375,4654.6585,3.3173828125
9/7/17,4652.79833984375,4310.750183,21.5859375
9/8/17,4304.62548828125,4312.26,11.60693359375
9/9/17,4312.85693359375,4329.955,11.36572265625
9/10/17,4365.0703125,4248.090017,46.7802734375
9/11/17,4274.68701171875,4198.59,29.64990234375
9/12/17,4215.857421875,3961.271267,1.54638671875
9/13/17,3960.524658203125,3319.63,1.0498046875
9/14/17,3314.92724609375,3216.43,18.881103515625
9/15/17,3249.36083984375,3763.62604,33.404541015625
9/16/17,3762.1953125,3746.060783,11.1689453125
9/17/17,3780.82421875,3678.53,22.6083984375
9/18/17,3686.8779296875,3943.413333,11.0556640625
9/19/17,3930.27197265625,3977.561667,7.461669921875
9/20/17,3967.845703125,3894.48,8.761962890625
9/21/17,3894.7587890625,3637.50255,1.166259765625
9/22/17,3618.0595703125,3776.3869,23.40234375
9/23/17,3795.14306640625,3777.62,13.29443359375
9/24/17,3782.51513671875,3942.555,3.814453125
9/25/17,3953.692138671875,3910.307383,1.552001953125
9/26/17,3909.383544921875,3881.0,14.08544921875
9/27/17,3826.599365234375,4201.98905,65.0419921875
9/28/17,4192.837890625,4193.574667,4.88427734375
9/29/17,4178.0419921875,4164.27,15.76953125
9/30/17,4130.26171875,4360.722967,34.6513671875
10/1/17,4354.69775390625,4386.88375,25.650390625
10/2/17,4387.3115234375,4394.07,19.025390625
10/3/17,4383.21337890625,4225.175,7.83740234375
10/4/17,4213.17578125,4338.852,12.71728515625
10/5/17,4352.19921875,4318.58,0.6103515625
10/6/17,4317.4501953125,4376.191667,9.68212890625
10/7/17,4388.1484375,4602.280883,3.83984375
10/8/17,4605.80859375,4605.66,9.63671875
10/9/17,4616.0869140625,4782.28,18.04736328125
10/10/17,4783.287109375,4819.485767,8.82666015625
10/11/17,4819.23193359375,4822.17,6.5595703125
10/12/17,4812.3310546875,5563.806567,2.603515625
10/13/17,5528.68115234375,5739.438733,45.12353515625
10/14/17,5735.4404296875,5825.99,16.32568359375
10/15/17,5846.501953125,5711.205867,19.32568359375
10/16/17,5653.89013671875,5603.71294,50.95361328125
10/17/17,5574.9580078125,5594.66,19.60107421875
10/18/17,5614.81396484375,5727.6335,14.6123046875
10/19/17,5727.2880859375,5979.45984,10.6025390625
10/20/17,5987.02392578125,5986.44,21.92236328125
10/21/17,5974.96875,5983.18455,1.12890625
10/22/17,5981.849609375,5876.079867,8.27099609375
10/23/17,5871.3310546875,5900.59,6.8212890625
10/24/17,5904.34130859375,5669.622533,13.3388671875
10/25/17,5663.0830078125,5893.138417,1.16455078125
10/26/17,5900.71337890625,5889.82,11.462890625
10/27/17,5874.1708984375,5776.69695,17.82861328125
10/28/17,5763.4365234375,6155.43402,21.92333984375
10/29/17,6112.44091796875,6136.49,40.58056640625
10/30/17,6152.3251953125,6388.645167,28.61279296875
10/31/17,6398.732421875,6665.306683,7.38671875
11/1/17,6668.53076171875,6751.98,0.2578125
11/2/17,6716.60791015625,7197.72006,33.51611328125
11/3/17,7202.9404296875,7437.543317,12.56494140625
11/4/17,7431.28515625,7365.99,14.39306640625
11/5/17,7347.044921875,6989.071667,14.837890625
11/6/17,6995.65966796875,7092.127233,13.79248046875
11/7/17,7077.6591796875,7128.64,1.43994140625
11/8/17,7131.27880859375,7158.03706,3.91943359375
11/9/17,7171.5341796875,6719.39785,15.8955078125
11/10/17,6710.68359375,6569.22,7.7919921875
11/11/17,6576.8505859375,5716.301583,7.93798828125
11/12/17,5707.08056640625,6550.227533,0.8310546875
11/13/17,6529.59619140625,6493.63,7.6982421875
11/14/17,6502.96337890625,7301.42992,2.716796875
11/15/17,7316.13720703125,7815.0307,0.57568359375
11/16/17,7811.775390625,7868.77,2.06494140625
11/17/17,7857.017578125,7817.140383,20.4150390625
11/18/17,7841.3505859375,8007.654067,17.2939453125
11/19/17,8031.73583984375,8049.72,22.80859375
11/20/17,8047.4775390625,8059.8,9.27978515625
11/21/17,8064.154296875,8268.035,7.7568359375
11/22/17,8277.23046875,8236.72,5.087890625
11/23/17,8233.943359375,8250.978333,5.5263671875
11/24/17,8292.232421875,8707.407267,24.125
11/25/17,8708.517578125,8768.8,26.2900390625
11/26/17,8771.2998046875,9718.29505,8.806640625
11/27/17,9714.470703125,9952.50882,3.572265625
11/28/17,9968.359375,9919.0,9.9580078125
11/29/17,9942.814453125,10147.372,16.142578125
11/30/17,10154.9912109375,10883.912,11.9892578125
12/1/17,10907.4267578125,10879.88,6.33203125
12/2/17,10886.11328125,11332.622,2.556640625
12/3/17,11345.3720703125,11584.83,12.357421875
12/4/17,11585.142578125,11591.22,2.0185546875
12/5/17,11603.880859375,13540.98,0.7587890625
12/6/17,13522.6328125,16501.97167,1.353515625
12/7/17,16509.8671875,16860.88,16.84375
12/8/17,16889.84375,15142.83415,21.099609375
12/9/17,15142.5244140625,14869.805,1.6513671875
12/10/17,14867.0078125,15068.95,7.791015625
12/11/17,15085.2314453125,17276.39333,4.591796875
12/12/17,17288.525390625,16808.36667,0.41015625
12/13/17,16803.2109375,16252.31,12.087890625
12/14/17,16241.3662109375,17771.9,0.072265625
12/15/17,17750.5078125,19498.68333,14.3125
12/16/17,19483.833984375,19279.9,17.9609375
12/17/17,19302.6875,18961.85667,0.63671875
12/18/17,18978.982421875,17737.11167,1.673828125
12/19/17,17701.294921875,17382.94,22.693359375
12/20/17,17374.466796875,16047.51,3.3828125
12/21/17,16054.9462890625,15190.945,3.2666015625
12/22/17,15193.892578125,13776.61,5.9638671875
12/23/17,13764.4296875,13949.175,31.32421875
12/24/17,13923.1396484375,14119.02833,35.201171875
12/25/17,14102.814453125,13740.94,1.9619140625
12/26/17,13757.57421875,15589.32167,14.00390625
12/27/17,15591.1650390625,14380.58167,9.802734375
12/28/17,14389.412109375,14214.01,12.80859375
12/29/17,14243.2578125,13215.574,33.80859375
12/30/17,13230.5712890625,14165.575,25.82421875
12/31/17,14129.0068359375,13796.0,22.0751953125
1/1/18,13812.03125,15005.85667,2.662109375
1/2/18,15010.9072265625,15053.26167,5.5693359375
1/3/18,15071.966796875,15039.24,25.5927734375
1/4/18,15012.9111328125,17174.12,4.275390625
1/5/18,17164.591796875,17319.198,6.98828125
1/6/18,17308.9609375,17155.95,35.416015625
1/7/18,17165.103515625,15265.90667,17.39453125
1/8/18,15262.46484375,14714.25333,10.3759765625
1/9/18,14716.3828125,14437.42,7.17578125
1/10/18,14443.85546875,13296.794,7.8291015625
1/11/18,13269.10546875,13912.882,33.119140625
1/12/18,13900.8916015625,13791.19,0.5458984375
1/13/18,13774.751953125,13852.92,0.1181640625
1/14/18,13849.8798828125,14012.196,4.0224609375
1/15/18,14012.6982421875,13554.14,2.154296875
1/16/18,13547.708984375,11116.94667,24.7421875
1/17/18,11144.017578125,11345.42333,29.08984375
1/18/18,11372.453125,11174.82,29.4287109375
1/19/18,11193.1298828125,12950.79333,6.615234375
1/20/18,12952.6865234375,11505.228,7.9541015625
1/21/18,11481.0703125,11513.42,52.5078125
1/22/18,11534.6484375,11223.064,7.099609375
1/23/18,11208.9365234375,11282.25833,7.17578125
1/24/18,11281.94921875,11392.03,3.0419921875
1/25/18,11393.154296875,10969.815,9.322265625
1/26/18,10954.138671875,11524.77667,10.076171875
1/27/18,11508.0634765625,11431.37,0.533203125
1/28/18,11417.046875,11212.655,26.1533203125
1/29/18,11214.2626953125,10184.06167,14.287109375
1/30/18,10210.7744140625,10082.52,0.185546875
1/31/18,10117.845703125,9083.258333,24.330078125
2/1/18,9099.572265625,8901.901667,4.173828125
2/2/18,8916.5087890625,8852.73,4.576171875
2/3/18,8847.7666015625,8400.648333,9.7001953125
2/4/18,8423.2646484375,6838.816667,15.49609375
2/5/18,6835.53955078125,6925.46,11.37353515625
2/6/18,6913.2353515625,8099.958333,3.103515625
2/7/18,8063.2587890625,8240.536667,34.47265625
2/8/18,8237.1591796875,8245.08,0.4423828125
2/9/18,8266.5478515625,8319.876566,28.966796875
2/10/18,8313.4072265625,8343.455,5.4775390625
2/11/18,8341.9921875,8068.02,10.271484375
2/12/18,8033.197265625,8597.7675,35.6259765625
2/13/18,8637.30859375,9334.633333,51.2060546875
2/14/18,9325.66015625,9471.64,1.37890625
2/15/18,9471.3017578125,10127.16167,2.0048828125
2/16/18,10083.77734375,10841.99167,25.84375
2/17/18,10858.8056640625,11085.83,5.7080078125
2/18/18,11087.392578125,11110.965,2.373046875
2/19/18,11089.939453125,11390.39167,25.5390625
2/20/18,11386.0361328125,11245.98,1.025390625
2/21/18,11268.193359375,9931.071667,15.4384765625
2/22/18,9937.5537109375,10162.11667,8.6025390625
2/23/18,10138.2705078125,10171.3,14.3330078125
2/24/18,10168.466796875,9696.593333,14.9404296875
2/25/18,9686.7265625,10348.60333,11.7607421875
2/26/18,10353.4716796875,10319.46,0.6103515625
2/27/18,10318.75,10370.165,15.7666015625
2/28/18,10385.396484375,11009.38167,12.607421875
3/1/18,11008.4189453125,10931.12,7.6318359375
3/2/18,10908.5517578125,11326.94833,2.3974609375
3/3/18,11320.1259765625,11430.18167,9.7236328125
3/4/18,11422.21875,11516.83,9.5625
3/5/18,11517.884765625,10763.19833,12.724609375
3/6/18,10743.0556640625,10118.058,13.9951171875
3/7/18,10082.904296875,9920.46,22.728515625
3/8/18,9891.837890625,9089.278333,5.0419921875
3/9/18,9089.3330078125,8746.002,4.4697265625
3/10/18,8730.3056640625,8777.37,13.4765625
3/11/18,8755.2216796875,9182.843333,3.34765625
3/12/18,9183.0595703125,9154.7,5.0771484375
3/13/18,9156.1640625,9153.54,3.0419921875
3/14/18,9163.625,8358.121667,3.869140625
3/15/18,8345.70703125,8530.402,18.4384765625
3/16/18,8547.419921875,8297.89,20.412109375
3/17/18,8322.70703125,8171.415,37.705078125
3/18/18,8166.5791015625,8412.033333,1.00732421875
3/19/18,8431.876953125,8605.64,10.759765625
3/20/18,8623.705078125,8947.753333,28.7333984375
3/21/18,8970.86328125,8690.408333,7.794921875
3/22/18,8702.25,8725.37,29.7900390625
3/23/18,8751.55859375,8662.378333,24.7998046875
3/24/18,8653.2255859375,8617.296667,18.013671875
3/25/18,8588.1904296875,8457.96,20.4150390625
3/26/18,8452.322265625,7876.195,8.34765625
3/27/18,7870.8701171875,7960.38,2.08935546875
3/28/18,7951.8271484375,7950.61,17.76953125
3/29/18,7945.84423828125,6882.531667,6.79833984375
3/30/18,6885.69482421875,6935.48,0.76953125
3/31/18,6920.05126953125,6937.56,13.28515625
4/1/18,6928.72509765625,7035.848333,4.8564453125
4/2/18,7031.4853515625,7410.435,6.20068359375
4/3/18,7412.5390625,7426.48,4.56884765625
4/4/18,7390.85400390625,6826.51,36.51513671875
4/5/18,6801.87744140625,6603.876667,13.978515625
4/6/18,6575.1103515625,6634.68,1.83740234375
4/7/18,6634.49365234375,7017.656667,9.18603515625
4/8/18,7017.26904296875,6699.273333,9.71337890625
4/9/18,6711.0400390625,6784.41,25.18359375
4/10/18,6789.91796875,6926.266667,1.26953125
4/11/18,6938.462890625,7847.845,7.59423828125
4/12/18,7844.3583984375,7941.46,13.05859375
4/13/18,7927.1748046875,8036.511051,26.40869140625
4/14/18,8035.10546875,8340.748333,10.43310546875
4/15/18,8361.9404296875,8368.1,32.6474609375
4/16/18,8378.5869140625,7895.416926,10.1201171875
4/17/18,7884.4501953125,8164.937426,1.5751953125
4/18/18,8153.9208984375,8175.96,16.69189453125
4/19/18,8154.89306640625,8852.718333,3.416015625
4/20/18,8874.3740234375,8807.205,31.3544921875
4/21/18,8806.3662109375,8930.6,6.4462890625
4/22/18,8889.525390625,8933.861667,45.3916015625
4/23/18,8915.2861328125,9555.542,4.2529296875
4/24/18,9543.7001953125,9658.11,19.2744140625
4/25/18,9655.71875,9258.398333,12.806640625
4/26/18,9268.7509765625,9010.32,0.6943359375
4/27/18,8957.923828125,8928.55,58.15234375
4/28/18,8914.94140625,9334.281667,1.6181640625
4/29/18,9317.130859375,9259.57,23.81640625
4/30/18,9261.12109375,9239.55,2.55078125
5/1/18,9284.9873046875,9221.426,41.9833984375
5/2/18,9224.1796875,9639.268333,0.037109375
5/3/18,9628.150390625,9753.35,3.587890625
5/4/18,9768.8125,9803.306667,1.484375
5/5/18,9795.0166015625,9630.136277,4.1884765625
5/6/18,9602.1884765625,9631.44,16.2021484375
5/7/18,9620.9619140625,9228.608333,1.02734375
5/8/18,9244.404296875,9322.041667,10.5927734375
5/9/18,9323.8232421875,9310.37,17.041015625
5/10/18,9274.2568359375,8468.788,33.8857421875
5/11/18,8474.5830078125,8484.346667,1.791015625
5/12/18,8437.5078125,8463.52,27.54296875
5/13/18,8478.6982421875,8652.038333,9.009765625
5/14/18,8665.5771484375,8511.458,9.1083984375
5/15/18,8507.7021484375,8471.06,5.3330078125
5/16/18,8468.474609375,8106.118333,2.32421875
5/17/18,8088.052734375,8240.055,0.10986328125
5/18/18,8263.2470703125,8239.08,17.03515625
5/19/18,8232.6494140625,8507.406667,2.7333984375
5/20/18,8454.5634765625,8385.556187,63.4833984375
5/21/18,8406.16015625,8396.63,12.8779296875
5/22/18,8395.482421875,7555.74,8.4306640625
5/23/18,7539.408203125,7566.193333,12.197265625
5/24/18,7592.58544921875,7576.78,29.0078125
5/25/18,7582.36865234375,7342.908333,2.30322265625
5/26/18,7348.72314453125,7361.831667,5.33349609375
5/27/18,7362.0400390625,7344.56,7.88232421875
5/28/18,7353.04248046875,7459.876667,8.265625
5/29/18,7416.10302734375,7385.395,41.361328125
5/30/18,7360.65087890625,7386.72,20.5068359375
5/31/18,7413.4248046875,7535.146667,36.70361328125
6/1/18,7497.5068359375,7645.146667,23.14599609375
6/2/18,7627.93896484375,7637.14,21.2216796875
6/3/18,7639.65625,7500.273333,15.2158203125
6/4/18,7513.2548828125,7615.722142,8.90087890625
6/5/18,7616.06591796875,7619.43,0.9765625
6/6/18,7611.447265625,7676.271667,12.0751953125
6/7/18,7707.13818359375,7620.153333,20.4375
6/8/18,7638.09423828125,7615.54,22.93603515625
6/9/18,7651.5556640625,6776.888333,20.20458984375
6/10/18,6781.5537109375,6875.678333,7.5986328125
6/11/18,6865.412109375,6879.31,10.98388671875
6/12/18,6863.88330078125,6315.7,1.81884765625
6/13/18,6282.4443359375,6647.013333,31.2138671875
6/14/18,6653.50244140625,6637.41,14.041015625
6/15/18,6641.037109375,6509.426667,22.021484375
6/16/18,6489.0107421875,6464.411667,4.46435546875
6/17/18,6459.0625,6445.79,16.375
6/18/18,6434.310546875,6737.0,6.94140625
6/19/18,6701.10205078125,6714.718333,36.41943359375
6/20/18,6737.0751953125,6760.83,29.63427734375
6/21/18,6755.162109375,6332.573333,13.1455078125
6/22/18,6325.37255859375,6141.605833,4.13720703125
6/23/18,6159.60205078125,6170.46,2.38525390625
6/24/18,6157.68310546875,6211.4475,1.3330078125
6/25/18,6234.6787109375,6218.595,16.44921875
6/26/18,6230.236328125,6097.46,15.85400390625
6/27/18,6087.8759765625,6107.896154,9.5
6/28/18,6087.9345703125,5908.7025,11.19580078125
6/29/18,5902.33642578125,6223.28,2.59814453125
6/30/18,6242.46240234375,6374.754167,22.59814453125
7/1/18,6388.7841796875,6466.069167,15.5556640625
7/2/18,6478.841796875,6626.44,10.69775390625
7/3/18,6650.22509765625,6593.289167,0.8037109375
7/4/18,6569.37744140625,6603.376667,0.05615234375
7/5/18,6601.0537109375,6555.51,6.57470703125
7/6/18,6555.404296875,6594.281667,2.80078125
7/7/18,6591.4189453125,6753.559167,14.82763671875
7/8/18,6736.8837890625,6724.04,0.22607421875
7/9/18,6741.64990234375,6510.791667,22.0703125
7/10/18,6514.279296875,6377.363333,16.259765625
7/11/18,6373.4326171875,6403.18,0.74609375
7/12/18,6406.41748046875,6244.3575,4.41943359375
7/13/18,6242.82470703125,6241.0,12.72216796875
7/14/18,6253.8623046875,6248.84,7.794921875
7/15/18,6246.88427734375,6514.390833,13.146484375
7/16/18,6515.24609375,6869.910833,4.2060546875
7/17/18,6851.31689453125,7321.62,13.66796875
7/18/18,7310.2958984375,7396.401667,10.64599609375
7/19/18,7382.04931640625,7428.045,8.19140625
7/20/18,7427.115234375,7334.99,3.9677734375
7/21/18,7351.61328125,7451.289167,14.34033203125
7/22/18,7469.85791015625,7689.884167,7.185546875
7/23/18,7697.255859375,7715.1,3.560546875
7/24/18,7718.78564453125,8251.165,9.50634765625
7/25/18,8251.3544921875,8187.324167,22.8720703125
7/26/18,8206.0380859375,7939.81,13.7880859375
7/27/18,7933.94140625,8182.251667,8.26513671875
7/28/18,8183.740234375,8206.341667,6.466796875
7/29/18,8170.21923828125,8220.91,38.7412109375
7/30/18,8224.599609375,7916.800833,5.9716796875
7/31/18,7919.7041015625,7570.869167,4.326171875
8/1/18,7553.5869140625,7607.7,12.0693359375
8/2/18,7630.0400390625,7394.499167,13.6484375
8/3/18,7415.06103515625,7247.769167,25.07763671875
8/4/18,7247.75537109375,7011.28,6.31982421875
8/5/18,7012.15234375,6988.079167,9.263671875
8/6/18,6955.6162109375,6993.513333,30.79248046875
8/7/18,7010.3427734375,6718.23,32.38427734375
8/8/18,6738.8798828125,6396.7725,24.7548828125
8/9/18,6424.98291015625,6396.494667,1.98779296875
8/10/18,6386.35400390625,6138.96,3.4345703125
8/11/18,6126.7138671875,6311.131667,3.47509765625
8/12/18,6311.12890625,6347.07,3.9169921875
8/13/18,6328.9140625,6252.13,8.84716796875
8/14/18,6261.39599609375,6362.676923,14.94140625
8/15/18,6345.14697265625,6342.629231,8.759765625
8/16/18,6355.04248046875,6312.75,12.51220703125
8/17/18,6329.4716796875,6436.720833,0.85546875
8/18/18,6440.84326171875,6404.063333,14.69921875
8/19/18,6413.4033203125,6486.58,2.8369140625
8/20/18,6526.76708984375,6401.246154,20.8916015625
8/21/18,6418.58203125,6575.229167,1.4775390625
8/22/18,6576.11474609375,6354.57,6.77685546875
8/23/18,6361.81982421875,6543.645714,3.55322265625
8/24/18,6573.02685546875,6719.429231,27.89208984375
8/25/18,6734.56689453125,6738.27,12.59619140625
8/26/18,6730.3154296875,6719.266154,10.66259765625
8/27/18,6718.49951171875,7000.04,6.89599609375
8/28/18,7005.935546875,7078.19,14.0966796875
8/29/18,7076.8095703125,6932.6625,15.27392578125
8/30/18,6950.75390625,6981.946154,8.712890625
8/31/18,7017.71484375,7018.78,21.27490234375
9/1/18,7017.83349609375,7247.935385,8.20654296875
9/2/18,7249.8916015625,7260.949231,10.64306640625
9/3/18,7291.72265625,7265.08,18.60595703125
9/4/18,7264.32568359375,7113.069231,4.94189453125
9/5/18,7113.04443359375,6433.271667,2.03955078125
9/6/18,6432.4775390625,6501.19,3.00634765625
9/7/18,6505.9091796875,6366.1075,21.78466796875
9/8/18,6362.80322265625,6286.425833,1.68798828125
9/9/18,6274.91064453125,6240.98,7.22021484375
9/10/18,6268.53857421875,6296.320833,34.2373046875
9/11/18,6289.982421875,6273.1375,3.00830078125
9/12/18,6258.9052734375,6326.04,2.19189453125
9/13/18,6344.8828125,6499.0625,27.6708984375
9/14/18,6490.79833984375,6518.655,2.4912109375
9/15/18,6521.03515625,6522.39,3.8349609375
9/16/18,6551.81982421875,6400.600833,32.787109375
9/17/18,6348.7841796875,6296.631667,46.03271484375
9/18/18,6284.8759765625,6342.39,10.23388671875
9/19/18,6364.4609375,6418.562667,4.93212890625
9/20/18,6408.80810546875,6669.990833,2.33203125
9/21/18,6670.58837890625,6756.12,4.38134765625
9/22/18,6745.87060546875,6710.445,5.7314453125
9/23/18,6732.88916015625,6639.304167,25.95263671875
9/24/18,6624.4306640625,6583.45,9.13037109375
9/25/18,6579.15869140625,6468.631667,7.9765625
9/26/18,6461.33984375,6535.476667,0.24755859375
9/27/18,6527.220703125,6686.08,10.62158203125
9/28/18,6691.2080078125,6550.474167,10.125
9/29/18,6564.71630859375,6593.135,13.42041015625
9/30/18,6587.36083984375,6611.02,20.78076171875
10/1/18,6591.80224609375,6562.641667,22.0517578125
10/2/18,6549.9658203125,6470.4025,9.5126953125
10/3/18,6450.4990234375,6483.73,0.0771484375
10/4/18,6478.66796875,6568.549167,15.36474609375
10/5/18,6574.32470703125,6581.486667,16.384765625
10/6/18,6580.5419921875,6573.62,1.96533203125
10/7/18,6574.39892578125,6618.567692,1.38818359375
10/8/18,6624.73291015625,6621.711667,19.86181640625
10/9/18,6629.62890625,6626.85,19.0849609375
10/10/18,6643.6357421875,6248.635833,19.93994140625
10/11/18,6242.6064453125,6260.530833,8.55419921875
10/12/18,6285.76123046875,6247.0,19.0263671875
10/13/18,6257.5615234375,6299.399167,9.16845703125
10/14/18,6308.05029296875,6452.571667,3.95361328125
10/15/18,6459.73974609375,6599.17,3.06005859375
10/16/18,6592.287109375,6596.276154,1.115234375
10/17/18,6622.689453125,6568.040769,0.58935546875
10/18/18,6587.71240234375,6509.61,31.20556640625
10/19/18,6483.31396484375,6488.825833,28.4765625
10/20/18,6479.5810546875,6531.601667,1.72900390625
10/21/18,6528.56201171875,6504.78,17.341796875
10/22/18,6508.42626953125,6481.426,1.1328125
10/23/18,6504.318359375,6508.31,25.291015625
10/24/18,6514.404296875,6489.77,0.47216796875
10/25/18,6515.240234375,6473.753333,9.921875
10/26/18,6485.7783203125,6465.9175,27.57958984375
10/27/18,6468.39990234375,6457.21,8.7197265625
10/28/18,6467.19140625,6382.668333,8.25439453125
10/29/18,6396.046875,6309.452857,24.2255859375
10/30/18,6265.8017578125,6301.61,52.06298828125
10/31/18,6312.51416015625,6342.280833,21.67236328125
11/1/18,6365.4541015625,6387.674167,34.80126953125
11/2/18,6398.08984375,6390.42,21.57080078125
11/3/18,6419.720703125,6391.873333,20.609375
11/4/18,6392.83203125,6436.965,6.705078125
11/5/18,6444.67626953125,6437.76,10.8193359375
11/6/18,6445.23193359375,6538.79,2.95361328125
11/7/18,6544.2314453125,6486.251667,1.92236328125
11/8/18,6474.328125,6444.97,1.7265625
11/9/18,6444.7958984375,6399.033333,5.66162109375
11/10/18,6400.76171875,6378.268333,7.47607421875
11/11/18,6385.240234375,6408.53,11.0966796875
11/12/18,6396.607421875,6372.063333,6.58251953125
11/13/18,6378.6767578125,6176.155,10.29541015625
11/14/18,6156.244140625,5756.77,20.76318359375
11/15/18,5779.1015625,5596.1925,14.509765625
11/16/18,5620.947265625,5558.243333,39.07470703125
11/17/18,5584.529296875,5572.44,16.966796875
11/18/18,5578.0361328125,5303.9425,7.2529296875
11/19/18,5296.48291015625,4671.97,19.38720703125
11/20/18,4715.123046875,4491.98,27.42626953125
11/21/18,4466.1240234375,4548.7975,26.77392578125
11/22/18,4527.9423828125,4309.3375,15.685546875
11/23/18,4310.3720703125,4352.98,7.97119140625
11/24/18,4340.26611328125,3823.511667,20.146484375
11/25/18,3816.24267578125,3920.536667,9.360107421875
11/26/18,3945.999755859375,3793.35,16.378173828125
11/27/18,3777.541259765625,4103.453846,12.04345703125
11/28/18,4127.2978515625,4263.783333,23.94873046875
11/29/18,4257.46923828125,4278.77,5.822265625
11/30/18,4273.62109375,4116.7775,4.76123046875
12/1/18,4111.21044921875,4167.546667,8.41357421875
12/2/18,4187.02490234375,4140.6,14.0048828125
12/3/18,4151.26708984375,3961.493333,2.7529296875
12/4/18,3996.552978515625,3858.349167,19.248291015625
12/5/18,3896.8857421875,3744.98,39.10546875
12/6/18,3730.65185546875,3405.643333,16.072509765625
12/7/18,3410.445068359375,3435.34,4.20458984375
12/8/18,3437.222412109375,3453.66,12.139892578125
12/9/18,3436.835693359375,3523.96,16.656494140625
12/10/18,3517.808349609375,3426.19,12.555908203125
12/11/18,3478.436279296875,3407.28,53.004638671875
12/12/18,3412.35888671875,3406.7625,4.50537109375
12/13/18,3428.518798828125,3278.374167,22.49072265625
12/14/18,3281.984375,3242.42,8.554443359375
12/15/18,3242.685302734375,3271.238333,10.869140625
12/16/18,3259.420166015625,3392.405,16.04052734375
12/17/18,3366.052734375,3556.54,18.52978515625
12/18/18,3565.530029296875,3808.0425,1.29296875
12/19/18,3769.123291015625,3982.850833,58.967041015625
12/20/18,3974.2255859375,4135.19,5.914306640625
12/21/18,4110.30078125,3910.973333,21.00048828125
12/22/18,3915.04150390625,4027.478333,29.273681640625
12/23/18,4043.53564453125,3995.17,5.772705078125
12/24/18,3968.450439453125,3813.88,38.17529296875
12/25/18,3781.66650390625,3825.379167,19.036865234375
12/26/18,3830.432861328125,3848.21,1.161376953125
12/27/18,3861.53369140625,3743.905,3.921875
12/28/18,3749.65283203125,3912.285833,9.6181640625
12/29/18,3916.8046875,3770.36,19.178955078125
12/30/18,3761.26806640625,3791.545833,21.056884765625
12/31/18,3769.3740234375,3752.271667,11.0849609375
1/1/19,3728.25830078125,3855.88,9.467041015625
1/2/19,3860.8837890625,3865.7975,27.95458984375
1/3/19,3846.386474609375,3822.626667,0.306884765625
1/4/19,3808.134033203125,3856.62,1.32763671875
1/5/19,3843.098388671875,3920.456667,32.7734375
1/6/19,3961.07568359375,4036.093333,41.368896484375
1/7/19,4042.47900390625,4032.25,3.230224609375
1/8/19,4023.0927734375,4034.138333,9.535888671875
1/9/19,4010.31005859375,3812.585833,25.14111328125
1/10/19,3799.136962890625,3646.25,18.585693359375
1/11/19,3646.69970703125,3646.345833,1.113037109375
1/12/19,3655.077392578125,3599.841667,9.603759765625
1/13/19,3616.59228515625,3531.96,39.50341796875
1/14/19,3511.8291015625,3656.785,14.0625
1/15/19,3663.748291015625,3621.270833,6.905029296875
1/16/19,3612.51953125,3621.43,14.05517578125
1/17/19,3608.033935546875,3632.395,19.701904296875
1/18/19,3618.265869140625,3690.523333,3.72802734375
1/19/19,3728.6669921875,3703.98,45.03857421875
1/20/19,3710.634765625,3548.4275,21.721435546875
1/21/19,3534.96142578125,3540.02,0.31982421875
1/22/19,3552.9453125,3587.35,2.435791015625
1/23/19,3605.9140625,3566.4,41.316162109375
1/24/19,3555.74951171875,3586.25,21.727294921875
1/25/19,3591.26318359375,3577.79,26.015380859375
1/26/19,3569.360595703125,3576.3,8.187255859375
1/27/19,3574.82763671875,3554.5,2.277099609375
1/28/19,3534.6650390625,3448.58,34.422119140625
1/29/19,3448.93798828125,3421.6,5.800048828125
1/30/19,3426.035400390625,3470.0,1.407958984375
1/31/19,3478.937744140625,3444.81,18.154296875
2/1/19,3454.3095703125,3475.33,10.7080078125
2/2/19,3492.952880859375,3506.22,21.76416015625
2/3/19,3502.43505859375,3456.02,13.460693359375
2/4/19,3473.008056640625,3452.35,19.16845703125
2/5/19,3467.862548828125,3467.34,3.30126953125
2/6/19,3464.11865234375,3405.7,3.621826171875
2/7/19,3408.750244140625,3394.76,4.7880859375
2/8/19,3394.09326171875,3661.08,4.202880859375
2/9/19,3656.5205078125,3664.38,5.81982421875
2/10/19,3676.757080078125,3686.29,15.885009765625
2/11/19,3655.99365234375,3629.47,30.928466796875
2/12/19,3611.482177734375,3632.42,16.859130859375
2/13/19,3630.0986328125,3614.5,7.1435546875
2/14/19,3586.7958984375,3600.31,36.036376953125
2/15/19,3598.9111328125,3608.2,2.22802734375
2/16/19,3629.10888671875,3619.55,15.569091796875
2/17/19,3614.42041015625,3670.74,8.531005859375
2/18/19,3674.18994140625,3910.8,6.90087890625
2/19/19,3903.832763671875,3926.53,7.409423828125
2/20/19,3955.902587890625,3987.18,30.830078125
2/21/19,3993.04443359375,3944.88,15.4365234375
2/22/19,3960.21337890625,3983.48,22.76171875
2/23/19,3973.805908203125,4139.6,15.50830078125
2/24/19,4138.83154296875,3766.89,18.91259765625
2/25/19,3756.427001953125,3848.33,0.1044921875
2/26/19,3848.039794921875,3831.45,5.3154296875
2/27/19,3818.046142578125,3833.23,3.99072265625
2/28/19,3818.16552734375,3850.08,20.341552734375
3/1/19,3850.094482421875,3834.62,1.665283203125
3/2/19,3820.89306640625,3831.44,3.833251953125
3/3/19,3855.239013671875,3814.58,24.436767578125
3/4/19,3815.385986328125,3730.98,12.56201171875
3/5/19,3726.578125,3872.25,6.37255859375
3/6/19,3880.292724609375,3876.85,9.4951171875
3/7/19,3869.61474609375,3886.82,6.29638671875
3/8/19,3873.376953125,3875.96,0.6982421875
3/9/19,3870.028564453125,3950.56,1.45166015625
3/10/19,3950.00732421875,3928.17,8.391845703125
3/11/19,3923.177978515625,3881.09,8.98974609375
3/12/19,3879.24951171875,3892.51,1.70068359375
3/13/19,3889.580322265625,3877.77,6.650634765625
3/14/19,3856.91552734375,3885.21,14.178955078125
3/15/19,3873.025634765625,3936.5,11.871337890625
3/16/19,3928.3359375,4015.95,18.83837890625
3/17/19,4009.94580078125,3994.92,20.362060546875
3/18/19,4015.365234375,3998.77,36.830810546875
3/19/19,3985.435546875,4029.11,0.08544921875
3/20/19,4044.04833984375,4056.4,7.909912109375
3/21/19,4065.30126953125,3992.34,8.723388671875
3/22/19,3986.06103515625,3999.06,2.669189453125
3/23/19,4012.8994140625,4011.92,0.501220703125
3/24/19,4006.383544921875,3994.11,8.38232421875
3/25/19,3984.480712890625,3935.89,3.466796875
3/26/19,3919.034912109375,3947.74,14.36474609375
3/27/19,3940.751220703125,4048.51,3.474365234375
3/28/19,4047.83447265625,4037.37,10.90771484375
3/29/19,4043.414794921875,4115.55,16.659423828125
3/30/19,4106.24609375,4114.44,6.0078125
3/31/19,4121.00048828125,4114.16,24.66796875
4/1/19,4129.044921875,4152.53,0.79345703125
4/2/19,4151.77734375,4882.88,12.27685546875
4/3/19,4870.921875,4959.81,8.81298828125
4/4/19,4943.01611328125,4911.24,14.35302734375
4/5/19,4899.49169921875,5028.77,36.2509765625
4/6/19,5008.61767578125,5053.52,12.330078125
4/7/19,5049.01806640625,5189.39,12.88818359375
4/8/19,5191.24658203125,5268.71,20.17236328125
4/9/19,5253.140625,5175.81,28.73095703125
4/10/19,5168.1572265625,5310.18,6.05859375
4/11/19,5278.84619140625,5035.02,16.84033203125
4/12/19,5040.37255859375,5072.85,22.36669921875
4/13/19,5074.9912109375,5064.62,0.794921875
4/14/19,5045.99072265625,5152.51,23.31640625
4/15/19,5168.314453125,5036.18,12.4892578125
4/16/19,5047.63525390625,5196.65,24.61669921875
4/17/19,5197.3916015625,5220.37,3.0654296875
4/18/19,5195.98388671875,5276.31,34.31640625
4/19/19,5284.30078125,5277.04,17.56298828125
4/20/19,5290.33251953125,5309.28,4.17138671875
4/21/19,5311.64013671875,5281.83,3.24267578125
4/22/19,5277.67138671875,5377.19,6.64599609375
4/23/19,5359.90576171875,5518.16,1.13427734375
4/24/19,5516.64208984375,5434.19,10.00634765625
4/25/19,5423.58056640625,5195.61,31.611328125
4/26/19,5169.60595703125,5292.83,9.88427734375
4/27/19,5292.8466796875,5280.19,0.7763671875
4/28/19,5273.181640625,5301.29,8.6142578125
4/29/19,5295.7919921875,5260.65,17.25390625
4/30/19,5236.6845703125,5269.79,14.4052734375
5/1/19,5282.9013671875,5326.67,29.8623046875
5/2/19,5330.28173828125,5390.16,8.07958984375
5/3/19,5387.07861328125,5657.14,0.10107421875
5/4/19,5643.67431640625,5771.08,19.52734375
5/5/19,5772.4609375,5717.66,4.1083984375
5/6/19,5714.55029296875,5684.47,10.34765625
5/7/19,5658.8310546875,5755.72,14.3408203125
5/8/19,5755.7998046875,5936.72,11.16552734375
5/9/19,5928.06494140625,6146.91,17.5166015625
5/10/19,6125.23974609375,6348.02,36.83056640625
5/11/19,6356.0546875,7248.31,4.337890625
5/12/19,7256.81982421875,6978.63,22.51171875
5/13/19,6973.82568359375,7823.11,2.9931640625
5/14/19,7829.43505859375,7992.69,11.56787109375
5/15/19,7982.8271484375,8206.9,5.72900390625
5/16/19,8192.3984375,7885.96,21.169921875
5/17/19,7882.32177734375,7362.22,15.9814453125
5/18/19,7362.2958984375,7265.05,0.66552734375
5/19/19,7269.3759765625,8193.7,25.3291015625
5/20/19,8179.591796875,8007.03,16.0703125
5/21/19,8006.0263671875,7952.5,5.1015625
5/22/19,7977.0458984375,7625.93,42.37451171875
5/23/19,7631.2216796875,7880.29,19.3095703125
5/24/19,7830.69873046875,8003.26,60.4931640625
5/25/19,7987.4716796875,8071.45,21.41796875
5/26/19,8060.3466796875,8744.42,15.03515625
5/27/19,8743.4677734375,8770.06,1.7021484375
5/28/19,8759.18359375,8719.88,38.3447265625
5/29/19,8776.1806640625,8662.98,52.0458984375
5/30/19,8676.736328125,8272.46,11.4736328125
5/31/19,8264.0556640625,8553.81,7.38671875
6/1/19,8562.373046875,8554.8,8.6962890625
6/2/19,8550.498046875,8739.03,3.75
6/3/19,8734.2255859375,8134.92,16.9130859375
6/4/19,8132.21435546875,7675.8,15.8671875
6/5/19,7675.91455078125,7786.04,3.1611328125
6/6/19,7781.693359375,7803.23,18.5673828125
6/7/19,7809.73046875,7998.29,11.29345703125
6/8/19,7979.767578125,7931.34,24.3271484375
6/9/19,7948.28466796875,7640.61,18.68896484375
6/10/19,7652.10546875,8020.38,18.43212890625
6/11/19,8012.31689453125,7917.58,1.24072265625
6/12/19,7928.5224609375,8173.06,11.1865234375
6/13/19,8154.2607421875,8237.88,5.5673828125
6/14/19,8231.2841796875,8693.6,9.49609375
6/15/19,8666.5263671875,8859.47,16.5322265625
6/16/19,8822.4521484375,8978.99,38.6484375
6/17/19,8989.9892578125,9327.48,2.419921875
6/18/19,9359.81640625,9076.18,0.67578125
6/19/19,9087.349609375,9281.7,9.564453125
6/20/19,9288.7734375,9531.35,2.580078125
6/21/19,9525.283203125,10209.38,0.138671875
6/22/19,10224.9560546875,10668.63,13.2939453125
6/23/19,10645.251953125,10814.48,38.2421875
6/24/19,10825.0166015625,11017.5,0.4052734375
6/25/19,11016.6220703125,11766.4,6.7744140625
6/26/19,11745.7607421875,12932.55,25.7958984375
6/27/19,12936.6767578125,11132.85,14.6875
6/28/19,11120.1826171875,12374.35,35.419921875
6/29/19,12436.1240234375,11890.38,57.1201171875
6/30/19,11898.267578125,10737.73,4.69140625
7/1/19,10754.7548828125,10578.72,0.392578125
7/2/19,10602.0576171875,10805.4,10.326171875
7/3/19,10819.482421875,11984.76,3.78125
7/4/19,11996.462890625,11160.49,3.927734375
7/5/19,11150.7080078125,10955.16,5.6728515625
7/6/19,10958.7060546875,11232.04,7.775390625
7/7/19,11244.88671875,11477.01,20.4140625
7/8/19,11461.0703125,12313.08,0.677734375
7/9/19,12265.0888671875,12586.78,44.4365234375
7/10/19,12571.13671875,12099.9,11.9462890625
7/11/19,12089.0693359375,11352.87,16.1708984375
7/12/19,11334.447265625,11803.97,10.65625
7/13/19,11799.806640625,11389.1,15.2744140625
7/14/19,11385.66015625,10186.96,10.83203125
7/15/19,10169.359375,10873.5,23.5654296875
7/16/19,10877.28515625,9397.72,2.9228515625
7/17/19,9402.7451171875,9674.28,7.6181640625
7/18/19,9691.99609375,10638.56,16.7890625
7/19/19,10600.78515625,10535.75,21.962890625
7/20/19,10530.3818359375,10764.9,8.21484375
7/21/19,10712.87890625,10587.41,32.7705078125
7/22/19,10585.2001953125,10323.62,1.78515625
7/23/19,10321.3076171875,9844.3,7.9873046875
7/24/19,9845.365234375,9772.17,5.2412109375
7/25/19,9790.3515625,9875.17,21.857421875
7/26/19,9872.6572265625,9848.65,4.9033203125
7/27/19,9850.2744140625,9473.99,22.2763671875
7/28/19,9466.8408203125,9530.0,20.310546875
7/29/19,9502.1513671875,9501.33,37.013671875
7/30/19,9509.0322265625,9589.13,12.1162109375
7/31/19,9583.9755859375,10084.7,4.7275390625
8/1/19,10065.9619140625,10407.17,14.21875
8/2/19,10416.181640625,10529.55,5.4453125
8/3/19,10532.970703125,10814.57,13.82421875
8/4/19,10820.29296875,10980.23,5.0556640625
8/5/19,10994.4111328125,11787.99,2.435546875
8/6/19,11798.1005859375,11465.67,24.46875
8/7/19,11456.744140625,11960.82,4.4833984375
8/8/19,11940.6796875,11996.41,10.763671875
8/9/19,12002.5068359375,11856.64,5.2275390625
8/10/19,11861.4248046875,11282.22,12.4619140625
8/11/19,11278.4072265625,11566.84,8.607421875
8/12/19,11569.4345703125,11386.26,19.501953125
8/13/19,11393.375,10858.12,7.787109375
8/14/19,10842.615234375,10016.96,13.4287109375
8/15/19,10052.22265625,10302.17,46.927734375
8/16/19,10301.546875,10359.44,12.1796875
8/17/19,10408.3798828125,10214.52,42.5771484375
8/18/19,10210.9228515625,10317.6,6.427734375
8/19/19,10284.6552734375,10917.26,36.302734375
8/20/19,10923.931640625,10760.56,16.17578125
8/21/19,10745.001953125,10129.4,12.9775390625
8/22/19,10123.8095703125,10111.98,17.8095703125
8/23/19,10120.4365234375,10405.81,5.3525390625
8/24/19,10428.2978515625,10143.8,17.623046875
8/25/19,10150.1787109375,10135.06,4.0712890625
8/26/19,10161.28125,10360.28,16.6611328125
8/27/19,10341.8955078125,10171.95,21.78515625
8/28/19,10193.5419921875,9717.82,22.9970703125
8/29/19,9710.4658203125,9484.55,9.8984375
8/30/19,9485.6513671875,9577.99,9.7978515625
8/31/19,9595.1650390625,9600.9,1.3056640625
9/1/19,9601.669921875,9769.79,7.5908203125
9/2/19,9743.791015625,10386.64,24.611328125
9/3/19,10391.7265625,10621.29,12.685546875
9/4/19,10639.943359375,10584.16,28.3427734375
9/5/19,10568.6396484375,10577.8,28.681640625
9/6/19,10578.1875,10317.47,4.6376953125
9/7/19,10315.501953125,10487.21,7.9326171875
9/8/19,10499.9697265625,10406.31,3.9970703125
9/9/19,10395.1884765625,10313.66,17.4853515625
9/10/19,10317.294921875,10101.03,11.263671875
9/11/19,10109.9169921875,10159.32,18.4599609375
9/12/19,10144.244140625,10420.16,22.6435546875
9/13/19,10420.853515625,10363.9,6.669921875
9/14/19,10355.353515625,10361.33,4.439453125
9/15/19,10354.80859375,10310.43,2.4130859375
9/16/19,10289.6845703125,10265.63,29.8681640625
9/17/19,10273.72265625,10190.36,11.572265625
9/18/19,10225.7109375,10157.59,33.30859375
9/19/19,10161.3544921875,10275.88,5.8154296875
9/20/19,10250.5634765625,10173.11,28.150390625
9/21/19,10180.115234375,9979.49,3.046875
9/22/19,9953.40625,10033.05,27.6142578125
9/23/19,10068.908203125,9683.38,20.0478515625
9/24/19,9689.267578125,8553.61,14.263671875
9/25/19,8563.1943359375,8432.23,7.6240234375
9/26/19,8424.822265625,8055.64,6.37109375
9/27/19,8074.49951171875,8193.9,0.8583984375
9/28/19,8208.828125,8225.0,9.779296875
9/29/19,8221.3583984375,8056.74,7.66015625
9/30/19,8053.8876953125,8307.74,0.884765625
10/1/19,8327.9892578125,8322.92,2.6201171875
10/2/19,8293.30078125,8382.03,23.4423828125
10/3/19,8394.5302734375,8236.17,1.2109375
10/4/19,8240.1142578125,8155.48,18.1650390625
10/5/19,8164.4521484375,8147.69,24.7236328125
10/6/19,8189.55615234375,7869.74,42.48291015625
10/7/19,7898.50146484375,8212.02,37.927734375
10/8/19,8237.8642578125,8190.0,24.3603515625
10/9/19,8196.8330078125,8587.92,5.38623046875
10/10/19,8593.642578125,8586.9,14.0166015625
10/11/19,8585.1328125,8269.73,9.16796875
10/12/19,8271.025390625,8308.01,4.541015625
10/13/19,8306.6259765625,8283.76,2.4365234375
10/14/19,8302.041015625,8353.54,6.6435546875
10/15/19,8358.1796875,8162.16,5.9892578125
10/16/19,8195.2646484375,8002.51,50.2890625
10/17/19,8029.6201171875,8076.78,18.4189453125
10/18/19,8057.5126953125,7954.15,33.34423828125
10/19/19,7929.18798828125,7960.04,36.3603515625
10/20/19,7968.90087890625,8231.06,2.11376953125
10/21/19,8234.79296875,8222.52,8.669921875
10/22/19,8186.31201171875,8026.76,20.396484375
10/23/19,8005.52099609375,7469.56,13.1630859375
10/24/19,7468.94921875,7431.88,10.79150390625
10/25/19,7398.43798828125,8666.79,22.77197265625
10/26/19,8666.876953125,9259.8,10.85546875
10/27/19,9254.6591796875,9551.54,10.5361328125
10/28/19,9597.017578125,9218.76,28.3486328125
10/29/19,9257.1142578125,9433.35,50.853515625
10/30/19,9446.1357421875,9164.62,10.609375
10/31/19,9189.5576171875,9147.98,19.59765625
11/1/19,9125.908203125,9252.99,2.4111328125
11/2/19,9272.341796875,9301.18,0.0654296875
11/3/19,9319.70703125,9206.16,11.57421875
11/4/19,9206.9892578125,9418.05,8.029296875
11/5/19,9402.2939453125,9310.19,1.1376953125
11/6/19,9308.43359375,9343.34,16.5673828125
11/7/19,9355.841796875,9204.24,5.3408203125
11/8/19,9233.640625,8766.04,20.708984375
11/9/19,8782.8974609375,8809.41,4.263671875
11/10/19,8812.1650390625,9037.12,7.4140625
11/11/19,9038.380859375,8717.81,16.8740234375
11/12/19,8704.4296875,8801.52,17.6826171875
11/13/19,8830.259765625,8762.42,19.1806640625
11/14/19,8772.669921875,8632.32,17.32421875
11/15/19,8655.103515625,8457.69,16.228515625
11/16/19,8453.126953125,8482.7,17.16015625
11/17/19,8488.8037109375,8503.93,3.0771484375
11/18/19,8474.0263671875,8175.99,30.6572265625
11/19/19,8171.28173828125,8120.8,13.6630859375
11/20/19,8122.447265625,8081.81,6.98291015625
11/21/19,8066.16259765625,7617.07,18.93017578125
11/22/19,7564.49853515625,7286.35,46.78662109375
11/23/19,7280.7412109375,7324.03,7.51611328125
11/24/19,7331.45166015625,6907.4,10.583984375
11/25/19,6925.91796875,7130.25,6.044921875
11/26/19,7130.82421875,7163.63,3.84228515625
11/27/19,7202.09619140625,7523.83,25.9716796875
11/28/19,7509.68994140625,7431.0,27.73486328125
11/29/19,7391.12841796875,7757.47,37.830078125
11/30/19,7766.49267578125,7557.72,8.81884765625
12/1/19,7567.12548828125,7402.69,0.7099609375
12/2/19,7401.720703125,7309.59,17.876953125
12/3/19,7286.67919921875,7296.77,23.73681640625
12/4/19,7288.73583984375,7192.85,16.96484375
12/5/19,7184.37255859375,7395.97,12.72705078125
12/6/19,7409.390625,7547.19,5.5986328125
12/7/19,7554.31884765625,7504.83,3.0849609375
12/8/19,7498.3427734375,7522.39,16.58642578125
12/9/19,7534.052734375,7337.42,2.51806640625
12/10/19,7347.08154296875,7220.76,12.552734375
12/11/19,7273.5390625,7202.31,48.7890625
12/12/19,7212.9189453125,7189.16,1.337890625
12/13/19,7203.0478515625,7251.87,19.0810546875
12/14/19,7266.20654296875,7067.74,0.99365234375
12/15/19,7073.91015625,7111.14,0.2666015625
12/16/19,7147.4990234375,6879.54,18.8173828125
12/17/19,6817.89208984375,6612.12,38.84423828125
12/18/19,6627.10302734375,7284.29,6.4345703125
12/19/19,7278.69287109375,7150.86,7.099609375
12/20/19,7165.55908203125,7190.17,0.978515625
12/21/19,7190.15087890625,7143.2,11.2900390625
12/22/19,7147.87939453125,7514.41,11.58203125
12/23/19,7517.1220703125,7322.08,15.23779296875
12/24/19,7290.72265625,7250.69,42.189453125
12/25/19,7247.78515625,7192.72,9.2109375
12/26/19,7180.6728515625,7194.4,5.40966796875
12/27/19,7200.09765625,7243.93,5.138671875
12/28/19,7239.62060546875,7301.07,6.13916015625
12/29/19,7328.5185546875,7385.36,28.88134765625
12/30/19,7389.1259765625,7219.6,8.94482421875
12/31/19,7227.28515625,7168.31,16.6337890625
1/1/20,7170.1298828125,7175.68,11.85888671875
1/2/20,7170.13623046875,6944.33,1.82177734375
1/3/20,6953.333984375,7326.35,4.4189453125
1/4/20,7308.1181640625,7347.89,0.07763671875
1/5/20,7381.94775390625,7351.57,20.8818359375
1/6/20,7343.32373046875,7759.24,4.138671875
1/7/20,7762.60888671875,8165.47,5.1796875
1/8/20,8191.611328125,8042.65,15.7119140625
1/9/20,8080.46923828125,7817.92,24.49169921875
1/10/20,7817.74072265625,8184.66,14.216796875
1/11/20,8189.01220703125,8021.49,3.05859375
1/12/20,8027.4462890625,8173.97,2.833984375
1/13/20,8169.572265625,8105.24,13.9697265625
1/14/20,8081.578125,8842.42,18.732421875
1/15/20,8871.8837890625,8813.89,18.166015625
1/16/20,8816.1845703125,8722.03,13.7822265625
1/17/20,8713.2099609375,8900.34,20.2109375
1/18/20,8919.5029296875,8910.85,20.392578125
1/19/20,8913.6220703125,8703.36,1.4892578125
1/20/20,8691.5595703125,8626.47,14.2353515625
1/21/20,8646.5703125,8722.26,1.025390625
1/22/20,8728.2822265625,8658.94,15.7001953125
1/23/20,8671.1103515625,8388.11,6.1923828125
1/24/20,8395.189453125,8428.17,5.8564453125
1/25/20,8419.8447265625,8327.36,17.52734375
1/26/20,8301.470703125,8588.42,10.1669921875
1/27/20,8619.7783203125,8895.78,41.357421875
1/28/20,8885.3662109375,9385.69,14.888671875
1/29/20,9389.23828125,9279.81,17.966796875
1/30/20,9304.8857421875,9502.37,16.7470703125
1/31/20,9494.78125,9333.77,12.3232421875
2/1/20,9364.919921875,9378.09,19.29296875
2/2/20,9380.3828125,9314.56,9.3291015625
2/3/20,9318.708984375,9162.14,2.0302734375
2/4/20,9183.953125,9162.14,14.732421875
2/5/20,9180.1884765625,9614.9,3.900390625
2/6/20,9611.2763671875,9755.66,0.3447265625
2/7/20,9777.1552734375,9807.54,26.84765625
2/8/20,9788.6572265625,9907.12,0.4140625
2/9/20,9927.9814453125,10162.41,10.498046875
2/10/20,10151.6728515625,9854.79,14.4892578125
2/11/20,9849.1123046875,10275.38,4.767578125
2/12/20,10295.0498046875,10354.3,24.8251953125
2/13/20,10378.3662109375,10242.43,24.892578125
2/14/20,10284.9150390625,10368.53,50.998046875
2/15/20,10383.49609375,9904.17,5.7451171875
2/16/20,9930.9150390625,9937.67,31.625
2/17/20,9929.05859375,9703.93,2.7216796875
2/18/20,9729.7919921875,10180.65,17.3828125
2/19/20,10200.390625,9604.72,11.4951171875
2/20/20,9594.6884765625,9606.86,9.2109375
2/21/20,9607.1376953125,9696.58,12.9541015625
2/22/20,9694.4501953125,9669.63,0.66015625
2/23/20,9665.63671875,9989.39,19.63671875
2/24/20,9993.1611328125,9663.75,0.0927734375
2/25/20,9658.9658203125,9309.15,14.0283203125
2/26/20,9295.6416015625,8785.52,20.4462890625
2/27/20,8789.24609375,8804.72,1.4521484375
2/28/20,8805.322265625,8712.35,11.6943359375
2/29/20,8692.908203125,8534.17,0.5087890625
3/1/20,8533.869140625,8912.82,1.072265625
3/2/20,8910.2314453125,8912.82,13.1572265625
3/3/20,8867.44140625,8754.34,28.25
3/4/20,8733.3515625,8758.9,7.3408203125
3/5/20,8783.8857421875,9067.39,18.8232421875
3/6/20,9072.5107421875,9155.89,22.6220703125
3/7/20,9146.41015625,8898.63,3.9990234375
3/8/20,8890.5693359375,8039.38,11.9111328125
3/9/20,8053.57861328125,7931.94,9.5068359375
3/10/20,7929.79541015625,7885.46,0.1708984375
3/11/20,7892.498046875,7936.65,16.29345703125
3/12/20,7906.2421875,4830.21,20.37646484375
3/13/20,4827.2099609375,5609.03,4.83837890625
3/14/20,5626.40576171875,5166.26,27.39990234375
3/15/20,5168.2666015625,5348.44,10.8134765625
3/16/20,5335.1689453125,5026.35,8.11767578125
3/17/20,5039.0986328125,5357.61,25.91015625
3/18/20,5356.96435546875,5410.23,1.22900390625
3/19/20,5421.80615234375,6195.2,3.12890625
3/20/20,6205.91455078125,6226.44,15.3330078125
3/21/20,6261.1357421875,6189.85,35.2177734375
3/22/20,6159.4580078125,5822.62,21.87255859375
3/23/20,5771.3955078125,6502.16,31.9296875
3/24/20,6512.88623046875,6768.49,14.0361328125
3/25/20,6764.85986328125,6698.46,15.18359375
3/26/20,6718.99951171875,6763.75,22.71923828125
3/27/20,6744.04736328125,6369.09,15.2998046875
3/28/20,6390.44091796875,6260.95,0.19580078125
3/29/20,6242.17724609375,5885.41,4.40576171875
3/30/20,5852.3544921875,6405.29,47.2470703125
3/31/20,6395.43798828125,6428.28,9.1748046875
4/1/20,6447.9453125,6652.87,15.14697265625
4/2/20,6641.27001953125,6809.11,32.6025390625
4/3/20,6820.54833984375,6741.67,6.09814453125
4/4/20,6778.34619140625,6871.69,44.669921875
4/5/20,6906.50146484375,6777.44,32.76953125
4/6/20,6773.24169921875,7343.2,1.99365234375
4/7/20,7360.2294921875,7205.55,25.37255859375
4/8/20,7221.28173828125,7365.03,1.513671875
4/9/20,7359.4443359375,7293.69,0.146484375
4/10/20,7318.86083984375,6873.24,0.43017578125
4/11/20,6911.267578125,6891.6,35.9853515625
4/12/20,6911.01513671875,6915.37,1.88134765625
4/13/20,6915.94482421875,6857.66,16.73681640625
4/14/20,6869.44580078125,6871.95,11.5546875
4/15/20,6860.01806640625,6623.8,5.7392578125
4/16/20,6606.16064453125,7112.27,15.49365234375
4/17/20,7110.8583984375,7034.89,2.42822265625
4/18/20,7045.3623046875,7259.36,19.2900390625
4/19/20,7229.4189453125,7130.04,3.72265625
4/20/20,7105.9169921875,6840.24,6.7822265625
4/21/20,6861.0439453125,6852.52,12.9814453125
4/22/20,6873.26953125,7130.99,25.71826171875
4/23/20,7135.70654296875,7477.6,6.556640625
4/24/20,7521.11669921875,7507.08,25.0703125
4/25/20,7508.20703125,7549.52,16.625
4/26/20,7549.0556640625,7699.27,5.0703125
4/27/20,7712.001953125,7790.66,25.8935546875
4/28/20,7810.26318359375,7765.33,5.322265625
4/29/20,7750.04296875,8777.63,6.1416015625
4/30/20,8735.3447265625,8628.77,39.052734375
5/1/20,8628.205078125,8824.66,21.216796875
5/2/20,8864.267578125,8973.82,23.7958984375
5/3/20,8986.2861328125,8903.95,1.3056640625
5/4/20,8872.0068359375,8885.93,28.47265625
5/5/20,8905.4443359375,9030.96,2.8447265625
5/6/20,9025.8671875,9170.79,3.369140625
5/7/20,9161.3515625,10002.48,17.94140625
5/8/20,10013.1708984375,9821.8,0.5478515625
5/9/20,9802.3203125,9527.39,22.794921875
5/10/20,9549.08984375,8754.46,25.4951171875
5/11/20,8772.78515625,8617.25,4.501953125
5/12/20,8631.1826171875,8814.53,5.359375
5/13/20,8808.9970703125,9305.93,24.0888671875
5/14/20,9304.7861328125,9790.31,8.0791015625
5/15/20,9796.40625,9303.59,9.9326171875
5/16/20,9306.435546875,9385.7,17.525390625
5/17/20,9381.12109375,9669.4,22.5732421875
5/18/20,9668.728515625,9719.37,4.546875
5/19/20,9724.484375,9785.74,1.2333984375
5/20/20,9776.14453125,9510.67,28.3603515625
5/21/20,9486.341796875,9057.57,12.1611328125
5/22/20,9057.458984375,9167.26,19.8046875
5/23/20,9130.8642578125,9178.32,33.6591796875
5/24/20,9175.306640625,8730.73,15.5380859375
5/25/20,8740.7158203125,8899.66,9.755859375
5/26/20,8918.99609375,8842.85,5.2275390625
5/27/20,8874.1103515625,9197.54,34.53125
5/28/20,9178.1416015625,9569.21,11.4541015625
5/29/20,9570.8642578125,9425.98,6.80078125
5/30/20,9442.74609375,9698.1,6.412109375
5/31/20,9642.79296875,9450.84,48.9423828125
6/1/20,9444.65625,10204.23,21.6025390625
6/2/20,10204.142578125,9525.57,4.265625
6/3/20,9529.4072265625,9658.04,7.5205078125
6/4/20,9671.763671875,9794.56,14.287109375
6/5/20,9809.2421875,9623.75,31.4326171875
6/6/20,9613.958984375,9670.43,6.275390625
6/7/20,9684.6787109375,9753.85,1.9072265625
6/8/20,9769.4697265625,9782.59,1.3271484375
6/9/20,9790.947265625,9775.15,8.5009765625
6/10/20,9749.2646484375,9892.13,7.609375
6/11/20,9891.8505859375,9286.42,19.16015625
6/12/20,9307.916015625,9459.97,13.7412109375
6/13/20,9436.4580078125,9473.5,16.5595703125
6/14/20,9448.703125,9330.07,26.6123046875
6/15/20,9331.5390625,9426.7,0.921875
6/16/20,9473.5146484375,9526.0,44.40234375
6/17/20,9505.2490234375,9454.81,0.5830078125
6/18/20,9453.392578125,9380.03,8.7314453125
6/19/20,9359.8095703125,9300.15,4.375
6/20/20,9300.15234375,9357.43,1.1435546875
6/21/20,9370.630859375,9284.78,12.8955078125
6/22/20,9268.0966796875,9691.9,18.6455078125
6/23/20,9660.06640625,9621.49,30.1640625
6/24/20,9621.6484375,9276.58,2.94921875
6/25/20,9298.24609375,9240.85,39.693359375
6/26/20,9246.7783203125,9154.45,12.3076171875
6/27/20,9145.05078125,9004.23,5.6650390625
6/28/20,8996.259765625,9127.47,0.1044921875
6/29/20,9064.990234375,9185.35,55.537109375
6/30/20,9203.69921875,9133.97,0.001953125
7/1/20,9117.67578125,9236.38,18.69140625
7/2/20,9268.68359375,9087.98,22.2236328125
7/3/20,9125.669921875,9072.42,35.6474609375
7/4/20,9050.447265625,9131.31,8.3330078125
7/5/20,9161.0205078125,9089.09,22.0322265625
7/6/20,9072.9072265625,9348.91,19.876953125
7/7/20,9358.1259765625,9256.23,2.837890625
7/8/20,9253.3818359375,9440.07,10.02734375
7/9/20,9420.0751953125,9238.04,13.84765625
7/10/20,9248.1748046875,9287.4,26.88671875
7/11/20,9290.9716796875,9235.96,24.171875
7/12/20,9246.90234375,9295.9,1.419921875
7/13/20,9295.849609375,9238.13,8.8798828125
7/14/20,9237.05078125,9254.52,9.23828125
7/15/20,9280.294921875,9193.51,7.888671875
7/16/20,9173.5947265625,9131.0,13.845703125
7/17/20,9103.87890625,9154.19,28.0390625
7/18/20,9159.525390625,9174.71,4.021484375
7/19/20,9175.6494140625,9214.66,8.6142578125
7/20/20,9241.4033203125,9163.87,41.0634765625
7/21/20,9185.89453125,9392.66,14.943359375
7/22/20,9392.2509765625,9537.4,8.1884765625
7/23/20,9538.103515625,9613.11,2.8671875
7/24/20,9638.1279296875,9551.28,16.3271484375
7/25/20,9577.8955078125,9707.5,18.6279296875
7/26/20,9717.0947265625,9938.83,11.3388671875
7/27/20,9892.5751953125,11042.4,54.6669921875
7/28/20,11043.0693359375,10934.94,1.6796875
7/29/20,10926.03125,11102.67,10.763671875
7/30/20,11084.921875,11114.93,0.9453125
7/31/20,11125.279296875,11343.88,8.275390625
8/1/20,11351.8349609375,11823.69,17.740234375
8/2/20,11802.404296875,11077.77,2.990234375
8/3/20,11084.501953125,11242.57,5.837890625
8/4/20,11238.3623046875,11194.25,8.5029296875
8/5/20,11192.802734375,11750.28,8.4677734375
8/6/20,11728.708984375,11772.94,28.2353515625
8/7/20,11772.529296875,11605.6,8.6083984375
8/8/20,11632.564453125,11767.6,16.8701171875
8/9/20,11761.044921875,11684.06,8.9609375
8/10/20,11688.8525390625,11893.03,18.904296875
8/11/20,11893.0625,11392.43,8.4248046875
8/12/20,11366.3994140625,11573.11,24.568359375
8/13/20,11594.3837890625,11777.43,25.4111328125
8/14/20,11776.34375,11774.38,5.298828125
8/15/20,11779.138671875,11873.98,20.5107421875
8/16/20,11850.923828125,11914.01,41.0
8/17/20,11920.7646484375,12293.72,18.1708984375
8/18/20,12284.2314453125,11969.53,2.5009765625
8/19/20,11949.703125,11734.0,14.302734375
8/20/20,11708.7109375,11865.82,15.390625
8/21/20,11852.04296875,11522.8,7.3896484375
8/22/20,11506.7041015625,11683.44,23.255859375
8/23/20,11664.1484375,11653.02,3.88671875
8/24/20,11625.607421875,11763.93,6.0703125
8/25/20,11771.98828125,11337.4,13.361328125
8/26/20,11347.5517578125,11467.37,16.482421875
8/27/20,11480.1298828125,11302.01,7.7177734375
8/28/20,11336.888671875,11534.75,35.85546875
8/29/20,11524.3447265625,11481.64,5.623046875
8/30/20,11482.3857421875,11707.78,9.5693359375
8/31/20,11714.47265625,11659.57,4.6044921875
9/1/20,11657.59375,11923.25,6.919921875
9/2/20,11951.970703125,11397.44,39.552734375
9/3/20,11389.59375,10187.51,3.3291015625
9/4/20,10184.1279296875,10467.89,8.1943359375
9/5/20,10467.853515625,10159.62,6.35546875
9/6/20,10151.916015625,10254.93,9.974609375
9/7/20,10274.8486328125,10367.74,15.2119140625
9/8/20,10376.1279296875,10121.52,0.03125
9/9/20,10078.150390625,10227.83,25.8291015625
9/10/20,10223.4736328125,10352.66,7.1884765625
9/11/20,10364.2744140625,10395.44,5.9599609375
9/12/20,10389.74609375,10446.44,1.6005859375
9/13/20,10450.5185546875,10330.77,3.7197265625
9/14/20,10322.6298828125,10674.64,22.498046875
9/15/20,10681.125,10785.62,2.427734375
9/16/20,10781.9658203125,10948.43,5.7021484375
9/17/20,10935.5703125,10943.89,1.751953125
9/18/20,10927.5361328125,10931.79,31.861328125
9/19/20,10894.82421875,11081.43,5.880859375
9/20/20,11072.45703125,10919.65,14.169921875
9/21/20,10917.91796875,10430.46,12.5048828125
9/22/20,10430.6953125,10532.22,12.2001953125
9/23/20,10527.7548828125,10234.48,3.8017578125
9/24/20,10219.9169921875,10732.43,8.69140625
9/25/20,10721.6513671875,10692.84,10.025390625
9/26/20,10691.5556640625,10732.4,5.0810546875
9/27/20,10724.74609375,10774.24,3.1357421875
9/28/20,10782.1572265625,10692.33,17.3623046875
9/29/20,10689.12890625,10840.8,7.7744140625
9/30/20,10829.5048828125,10777.92,3.044921875
10/1/20,10782.970703125,10619.24,10.228515625
10/2/20,10612.740234375,10575.06,11.09765625
10/3/20,10586.1328125,10551.77,0.6533203125
10/4/20,10550.6357421875,10673.46,20.578125
10/5/20,10686.1845703125,10788.56,12.4443359375
10/6/20,10786.0634765625,10603.74,4.9189453125
10/7/20,10610.67578125,10670.8,2.39453125
10/8/20,10683.2255859375,10923.3,10.8701171875
10/9/20,10935.1064453125,11063.19,3.431640625
10/10/20,11060.2666015625,11302.67,12.2763671875
10/11/20,11289.583984375,11376.61,11.49609375
10/12/20,11377.2685546875,11540.04,4.794921875
10/13/20,11554.857421875,11428.24,12.84765625
10/14/20,11432.267578125,11431.32,12.8544921875
10/15/20,11408.7900390625,11503.73,40.5537109375
10/16/20,11522.015625,11327.57,12.330078125
10/17/20,11284.013671875,11366.51,26.015625
10/18/20,11359.400390625,11508.2,6.37890625
10/19/20,11510.2861328125,11758.16,10.4560546875
10/20/20,11763.3388671875,11925.46,1.8486328125
10/21/20,11906.5927734375,12831.56,21.0478515625
10/22/20,12859.6064453125,12990.25,42.3671875
10/23/20,13013.7626953125,12944.52,13.212890625
10/24/20,12938.5185546875,13128.46,1.2919921875
10/25/20,13113.1298828125,13036.77,17.5087890625
10/26/20,13032.69921875,13076.37,5.966796875
10/27/20,13031.947265625,13651.47,52.8359375
10/28/20,13686.7509765625,13289.0,19.4697265625
10/29/20,13294.73046875,13458.66,26.734375
10/30/20,13427.3427734375,13564.72,21.7568359375
10/31/20,13568.361328125,13810.32,2.5634765625
11/1/20,13865.896484375,13758.88,48.0556640625
11/2/20,13741.9365234375,13575.17,10.2451171875
11/3/20,13572.892578125,14023.31,13.7646484375
11/4/20,14017.224609375,14155.59,15.3251953125
11/5/20,14149.564453125,15591.39,2.2490234375
11/6/20,15582.0595703125,15595.77,5.8154296875
11/7/20,15570.5576171875,14839.84,6.0498046875
11/8/20,14844.9599609375,15490.6,1.4443359375
11/9/20,15497.2900390625,15328.53,2.583984375
11/10/20,15334.9345703125,15317.04,16.4443359375
11/11/20,15349.4619140625,15708.65,22.83984375
11/12/20,15680.4091796875,16295.57,16.07421875
11/13/20,16296.6796875,16339.33,10.48828125
11/14/20,16331.9228515625,16091.07,3.5244140625
11/15/20,16099.5185546875,15968.16,4.3408203125
11/16/20,15974.5458984375,16725.15,4.8046875
11/17/20,16710.474609375,17679.72,12.1328125
11/18/20,17679.390625,17798.45,14.810546875
11/19/20,17739.83984375,17820.57,51.66796875
11/20/20,17831.2265625,18687.45,1.294921875
11/21/20,18689.271484375,18699.75,22.791015625
11/22/20,18701.021484375,18422.28,25.943359375
11/23/20,18421.994140625,18398.91,11.318359375
11/24/20,18396.26171875,19172.52,6.34765625
11/25/20,19147.9765625,18739.8,3.08203125
11/26/20,18737.140625,17151.44,1.955078125
11/27/20,17185.83203125,17138.87,25.216796875
11/28/20,17152.7265625,17732.42,3.388671875
11/29/20,17732.32421875,18191.6,1.607421875
11/30/20,18165.806640625,19709.73,1.427734375
12/1/20,19713.314453125,18792.52,11.66796875
12/2/20,18765.099609375,19226.97,8.625
12/3/20,19228.490234375,19454.54,9.716796875
12/4/20,19416.720703125,18670.49,38.513671875
12/5/20,18686.9765625,19155.06,2.158203125
12/6/20,19156.115234375,19377.66,4.63671875
12/7/20,19365.029296875,19181.41,10.556640625
12/8/20,19173.8203125,18318.87,20.751953125
12/9/20,18315.720703125,18554.15,10.833984375
12/10/20,18566.693359375,18247.76,14.724609375
12/11/20,18307.673828125,18029.36,51.81640625
12/12/20,18006.7265625,18803.44,16.314453125
12/13/20,18731.474609375,19164.48,45.65234375
12/14/20,19168.431640625,19276.59,6.041015625
12/15/20,19289.728515625,19439.75,12.64453125
12/16/20,19391.806640625,21379.48,29.498046875
12/17/20,21390.03515625,22847.46,1.4921875
12/18/20,22861.884765625,23150.79,28.78125
12/19/20,23210.966796875,23869.92,66.89453125
12/20/20,23835.55078125,23490.58,18.556640625
12/21/20,23480.30078125,22745.48,10.08203125
12/22/20,22740.51171875,23824.99,10.3046875
12/23/20,23825.333984375,23253.37,11.11328125
12/24/20,23237.4140625,23715.53,7.193359375
12/25/20,23688.494140625,24693.58,18.18359375
12/26/20,24669.748046875,26443.21,14.271484375
12/27/20,26439.20703125,26246.58,3.61328125
12/28/20,26257.2421875,27036.69,15.60546875
12/29/20,27025.8984375,27376.37,9.365234375
12/30/20,27395.4375,28856.59,25.734375
12/31/20,28880.994140625,28982.56,16.58203125
1/1/21,28989.43359375,29393.75,0.75
1/2/21,29394.3828125,32195.46,4.431640625
1/3/21,32139.56640625,33000.78,49.533203125
1/4/21,33015.94140625,32035.03,2.80859375
1/5/21,32039.330078125,34046.67,7.650390625
1/6/21,34033.99609375,36860.41,7.97265625
1/7/21,36845.734375,39486.04,7.72265625
1/8/21,39491.83984375,40670.25,6.75390625
1/9/21,40656.52734375,40240.72,9.12890625
1/10/21,40223.71484375,38240.09,11.4140625
1/11/21,38284.06640625,35544.94,26.8515625
1/12/21,35534.01953125,34011.82,7.28125
1/13/21,33974.14453125,37393.13,23.18359375
1/14/21,37405.14453125,39158.47,6.25
1/15/21,39162.3515625,36828.52,1.15625
1/16/21,36852.05859375,36065.2,17.79296875
1/17/21,36047.07421875,35793.01,10.3046875
1/18/21,35790.0,36632.35,6.63671875
1/19/21,36618.84375,36020.13,8.3515625
1/20/21,36039.11328125,35538.98,30.87890625
1/21/21,35516.54296875,30797.88,28.52734375
1/22/21,30783.828125,33002.38,11.201171875
1/23/21,32998.578125,32099.74,13.94140625
1/24/21,32095.8828125,32276.84,5.43359375
1/25/21,32286.876953125,32243.26,20.80859375
1/26/21,32221.89453125,32541.8,17.56640625
1/27/21,32549.2109375,30419.17,18.486328125
1/28/21,30429.06640625,33403.17,10.146484375
1/29/21,33400.65234375,34314.26,1.4609375
1/30/21,34312.3671875,34318.1,3.16796875
1/31/21,34280.59375,33136.46,25.18359375
2/1/21,33119.83203125,33522.9,0.91015625
2/2/21,33509.30859375,35529.66,14.46875
2/3/21,35521.8671875,37676.25,3.33203125
2/4/21,37668.36328125,37002.09,21.85546875
2/5/21,36999.91796875,38278.61,21.6875
2/6/21,38296.4765625,39323.26,10.2578125
2/7/21,39325.6875,38928.1,0.46484375
2/8/21,38929.7265625,46364.3,14.98046875
2/9/21,46354.33203125,46589.58,4.3125
2/10/21,46609.45703125,44878.17,5.0
2/11/21,44880.8515625,48013.38,4.2890625
2/12/21,48015.484375,47471.4,13.12109375
2/13/21,47496.453125,47185.19,19.71484375
2/14/21,47183.78125,48720.37,13.44921875
2/15/21,48736.58203125,47951.85,5.0703125
2/16/21,40034.33984375,49160.1,7957.51953125
2/17/21,49134.015625,52118.23,30.51171875
2/18/21,52104.80078125,51608.15,9.421875
2/19/21,51585.27734375,55916.5,19.65625
2/20/21,55889.83984375,56001.2,38.12109375
2/21/21,55980.515625,57487.86,9.359375
2/22/21,57487.91015625,54123.4,15.453125
2/23/21,54139.671875,48880.43,3.37109375
2/24/21,48861.32421875,50624.84,23.6953125
2/25/21,50625.58203125,46800.42,6.74609375
2/26/21,46814.10546875,46340.31,11.40625
2/27/21,46344.84765625,46155.87,5.90234375
2/28/21,46174.62109375,45113.92,3.60546875
3/1/21,45087.2890625,49618.43,20.0546875
3/2/21,49606.04296875,48356.04,8.40234375
3/3/21,48357.08984375,50477.7,0.93359375
3/4/21,50476.4453125,48448.91,12.81640625
3/5/21,48448.4609375,48861.38,4.90234375
3/6/21,48878.61328125,48881.59,20.91015625
3/7/21,48898.61328125,51169.7,5.58984375
3/8/21,50045.78125,52299.33,1173.9296875
3/9/21,52308.51953125,54881.52,5.68359375
3/10/21,54879.1484375,55997.23,1.296875
3/11/21,55987.65234375,57764.0,25.6796875
3/12/21,57762.4921875,57253.28,17.93359375
3/13/21,57237.5859375,61258.73,34.02734375
3/14/21,61274.15625,59133.47,0.875
3/15/21,59110.3359375,55754.72,12.703125
3/16/21,55764.7421875,56872.38,27.46484375
3/17/21,56872.7734375,58913.0,20.99609375
3/18/21,58919.96875,57665.9,0.07421875
3/19/21,57665.69140625,58075.1,4.16796875
3/20/21,58091.484375,58085.8,19.43359375
3/21/21,58085.015625,57411.17,24.20703125
3/22/21,57400.37890625,54204.96,28.7421875
3/23/21,54205.234375,54477.46,1.1015625
3/24/21,54477.765625,52508.23,10.0546875
3/25/21,52505.95703125,51415.92,0.55859375
3/26/21,51412.0859375,55074.47,7.578125
3/27/21,55055.95703125,55863.93,31.5078125
3/28/21,55871.61328125,55783.71,17.78125
3/29/21,55775.11328125,57627.67,12.17578125
3/30/21,57622.03515625,58730.13,24.56640625
3/31/21,58745.01953125,58735.25,18.17578125
4/1/21,58733.0859375,58736.92,4.5078125
4/2/21,58709.875,59031.32,35.38671875
4/3/21,59029.9765625,57076.49,0.1796875
4/4/21,57117.90625,58206.55,64.3359375
4/5/21,58180.80859375,59054.1,38.35546875
4/6/21,59065.90625,58020.46,16.03125
4/7/21,58029.015625,55947.27,4.03125
4/8/21,55952.18359375,58048.59,1.2890625
4/9/21,58049.4609375,58102.58,11.640625
4/10/21,58092.015625,59774.0,6.7265625
4/11/21,59788.45703125,59964.87,9.73828125
4/12/21,59943.3203125,59834.74,0.98828125
4/13/21,59839.10546875,63554.44,6.34765625
4/14/21,63574.6171875,62969.12,2.671875
4/15/21,62996.19140625,63252.63,9.07421875
4/16/21,63266.3046875,61455.98,14.3203125
4/17/21,61442.71875,60087.09,5.68359375
4/18/21,60096.640625,56251.48,8.77734375
4/19/21,56242.4296875,55703.14,1.06640625
4/20/21,55685.98046875,56507.91,27.78125
4/21/21,56516.24609375,53808.8,7.2421875
4/22/21,53808.80859375,51731.71,7.57421875
4/23/21,51713.171875,51153.13,9.796875
4/24/21,51167.1328125,50110.53,12.35546875
4/25/21,50099.26953125,49075.58,14.875
4/26/21,49073.421875,54056.64,7.7890625
4/27/21,54063.296875,55071.46,15.3515625
4/28/21,55089.921875,54884.1,30.14453125
4/29/21,54885.93359375,53584.15,3.0
4/30/21,53542.39453125,57796.62,54.2578125
5/1/21,57769.2421875,57857.5,48.578125
5/2/21,57860.04296875,56610.46,8.109375
5/3/21,56651.4921875,57213.33,26.22265625
5/4/21,57221.4453125,53241.72,5.23046875
5/5/21,53245.6796875,57473.23,10.89453125
5/6/21,57444.2890625,56428.16,27.4609375
5/7/21,56426.76953125,57380.27,12.05078125
5/8/21,57390.59765625,58928.81,8.0
5/9/21,58939.171875,58280.73,0.01171875
5/10/21,58326.5078125,55883.5,24.69140625
5/11/21,55884.9296875,56750.0,2.515625
5/12/21,56759.84375,49007.09,25.82421875
5/13/21,49007.96484375,49702.27,18.671875
5/14/21,49710.86328125,49922.52,1.10546875
5/15/21,49928.72265625,46736.58,8.73828125
5/16/21,40034.140625,46441.64,6742.4453125
5/17/21,46447.0625,43596.24,17.75
5/18/21,43599.84375,42912.19,13.63671875
5/19/21,42905.7265625,36964.27,2.16015625
5/20/21,36975.1796875,40784.32,14.84375
5/21/21,40774.140625,37280.35,23.19140625
5/22/21,37310.375,37528.3,18.16015625
5/23/21,37548.2109375,34754.54,15.38671875
5/24/21,34769.10546875,38728.59,19.7265625
5/25/21,38728.921875,38410.5,11.83203125
5/26/21,38405.23046875,39266.04,5.20703125
5/27/21,39232.96875,38445.29,43.0703125
5/28/21,38463.20703125,35689.62,13.625
5/29/21,35687.16015625,34647.67,7.12109375
5/30/21,34645.97265625,35684.59,10.1875
5/31/21,35669.24609375,37310.54,27.99609375
6/1/21,37298.72265625,36662.64,3.8984375
6/2/21,36662.78515625,37585.24,1.875
6/3/21,37623.1640625,39188.59,35.69921875
6/4/21,39167.3125,36885.51,16.7578125
6/5/21,36880.40625,35530.38,6.04296875
6/6/21,35517.08984375,35816.17,19.53515625
6/7/21,35804.52734375,33514.87,11.203125
6/8/21,33534.0,33450.19,15.0234375
6/9/21,33430.9296875,37338.36,32.2578125
6/10/21,37359.0,36704.57,15.7109375
6/11/21,36739.21484375,37313.18,18.8515625
6/12/21,37317.65234375,35494.9,1.3515625
6/13/21,35514.828125,39066.82,36.31640625
6/14/21,39074.9296875,40525.8,2.76171875
6/15/21,40508.0,40188.56,5.3828125
6/16/21,40206.09375,38324.87,10.57421875
6/17/21,38341.46875,38068.04,14.8984375
6/18/21,38093.5546875,35729.82,1.00390625
6/19/21,35718.0078125,35524.17,5.5
6/20/21,35534.52734375,35592.35,14.171875
6/21/21,35572.2421875,31686.55,8.65234375
6/22/21,31678.654296875,32447.59,27.0703125
6/23/21,32442.978515625,33674.66,8.455078125
6/24/21,33660.421875,34639.38,26.203125
6/25/21,34652.64453125,31640.58,11.6953125
6/26/21,31604.21875,32160.91,43.37890625
6/27/21,32163.47265625,34644.45,17.0859375
6/28/21,34643.4296875,34456.67,14.62890625
6/29/21,34422.7265625,35847.7,43.9453125
6/30/21,35872.12109375,35047.36,0.3984375
7/1/21,35040.08203125,33536.88,20.4375
7/2/21,33546.51171875,33856.86,9.55859375
7/3/21,33843.83203125,34688.98,0.36328125
7/4/21,34667.734375,35309.3,28.05859375
7/5/21,35338.34765625,33747.97,31.87890625
7/6/21,33746.26953125,34211.01,11.7421875
7/7/21,34236.80078125,33839.04,5.11328125
7/8/21,33820.3984375,32877.41,21.04296875
7/9/21,32877.97265625,33818.52,15.73046875
7/10/21,33775.74609375,33515.57,47.08984375
7/11/21,33516.61328125,34227.64,11.984375
7/12/21,34251.78125,33158.25,22.78515625
7/13/21,33159.9921875,32686.56,8.4453125
7/14/21,32656.669921875,32814.61,26.41796875
7/15/21,32796.9375,31738.59,7.4296875
7/16/21,31735.052734375,31421.25,11.4921875
7/17/21,31408.587890625,31520.66,12.853515625
7/18/21,31498.486328125,31783.49,0.234375
7/19/21,31800.7890625,30815.94,11.15234375
7/20/21,30830.80078125,29790.24,5.740234375
7/21/21,29768.212890625,32118.06,0.384765625
7/22/21,32087.53515625,32297.89,41.357421875
7/23/21,32287.283203125,33581.63,5.76171875
7/24/21,33566.26953125,34279.34,6.97265625
7/25/21,34280.1171875,35365.2,9.06640625
7/26/21,35396.90234375,37318.14,11.140625
7/27/21,37316.0859375,39405.95,8.36328125
7/28/21,39383.2890625,40002.53,0.22265625
7/29/21,39995.546875,40005.93,10.609375
7/30/21,40015.70703125,42214.15,14.953125
7/31/21,42220.40625,41659.06,6.29296875
8/1/21,41697.05078125,40000.46,41.04296875
8/2/21,40024.19140625,39193.94,25.13671875
8/3/21,39209.90625,38138.0,8.2890625
8/4/21,38141.0703125,39750.14,18.53125
8/5/21,39772.03125,40882.0,0.79296875
8/6/21,40909.46484375,42825.95,17.03515625
8/7/21,42825.83984375,44634.13,5.15234375
8/8/21,44647.6875,43816.14,0.21484375
8/9/21,43795.4375,46333.46,16.04296875
8/10/21,46347.81640625,45608.37,21.3203125
8/11/21,45598.71875,45611.46,13.6484375
8/12/21,45584.390625,44417.78,39.96484375
8/13/21,44419.0390625,47833.98,4.09765625
8/14/21,47798.796875,47112.19,33.328125
8/15/21,47077.5390625,47056.41,32.6171875
8/16/21,47109.7890625,45982.55,32.296875
8/17/21,45983.36328125,44648.57,13.1796875
8/18/21,44635.203125,44777.86,12.5390625
8/19/21,44769.8125,46734.65,10.015625
8/20/21,46738.59765625,49327.75,10.5
8/21/21,49331.703125,48932.02,4.828125
8/22/21,48897.5078125,49335.68,21.3359375
8/23/21,49287.91015625,49523.5,44.21484375
8/24/21,49531.67578125,47744.58,5.125
8/25/21,47749.36328125,48972.09,18.734375
8/26/21,48987.49609375,46962.8,9.671875
8/27/21,46953.5390625,49056.86,4.546875
8/28/21,49054.0078125,48897.65,1.36328125
8/29/21,48904.0859375,48806.78,3.4609375
8/30/21,48820.5625,47074.77,10.44140625
8/31/21,47096.0,47155.87,25.75
9/1/21,47145.765625,48862.76,0.15625
9/2/21,48865.70703125,49329.01,9.76171875
9/3/21,49327.3828125,50035.33,7.93359375
9/4/21,50002.421875,49947.38,20.0234375
9/5/21,49953.1328125,51769.06,3.51953125
9/6/21,51726.2734375,52677.4,40.375
9/7/21,52677.34765625,46809.17,8.47265625
9/8/21,46820.62109375,46078.38,16.421875
9/9/21,46084.0078125,46368.69,7.53515625
