日期,标签,真实值,预测值,误差
9/12/16,0,1324.6,1324.6,0
9/13/16,0,1323.65,1324.6,0.9499999999998181
9/14/16,0,1321.75,1322.7000000000003,0.9500000000002728
9/15/16,0,1310.8,1320.4833333333333,9.683333333333394
9/16/16,0,1308.35,1309.3750000000002,1.0250000000003183
9/19/16,0,1314.85,1295.1549999999997,19.695000000000164
9/20/16,0,1313.8,1307.6535135135134,6.146486486486538
9/21/16,0,1326.1,1309.4090425531915,16.690957446808397
9/22/16,0,1339.1,1315.862893081761,23.23710691823885
9/23/16,0,1338.65,1324.7408163265304,13.90918367346967
9/26/16,0,1340.5,1332.8585964912281,7.641403508771873
9/27/16,0,1327.0,1337.2866812227073,10.28668122270733
9/28/16,0,1322.5,1335.30698441247,12.806984412470001
9/29/16,0,1318.1,1332.7602812908856,14.660281290885678
9/30/16,0,1322.5,1329.8368507831822,7.336850783182172
10/3/16,0,1313.3,1329.778717948718,16.478717948717986
10/4/16,0,1283.3,1325.806278625954,42.50627862595411
10/5/16,0,1269.4,1315.8358045212767,46.43580452127662
10/6/16,0,1254.5,1305.4159696488443,50.91596964884434
10/7/16,0,1258.75,1294.3793639406983,35.62936394069834
10/10/16,0,1259.5,1282.586324110672,23.086324110671967
10/11/16,0,1253.45,1276.0208128785464,22.57081287854635
10/12/16,0,1256.5,1269.7486042908538,13.248604290853791
10/13/16,0,1261.05,1265.1968027091211,4.146802709121175
10/14/16,0,1251.75,1262.141791044776,10.391791044776028
10/17/16,0,1254.8,1253.183,1.6169999999999618
10/18/16,0,1258.2,1250.9521276595747,7.247872340425374
10/19/16,0,1269.05,1249.5586193745232,19.491380625476722
10/20/16,0,1271.65,1249.8565263452467,21.79347365475337
10/21/16,0,1266.05,1250.401842242958,15.648157757041872
10/24/16,0,1265.55,1245.8062679700981,19.74373202990182
10/25/16,0,1269.4,1246.3051727127238,23.094827287276303
10/26/16,0,1270.5,1247.1544312835038,23.345568716496246
10/27/16,0,1266.25,1247.9673342441367,18.282665755863263
10/28/16,0,1273.0,1248.153804610672,24.84619538932793
10/31/16,0,1272.0,1245.537012987013,26.462987012987014
11/1/16,0,1288.45,1246.8477656147031,41.602234385296924
11/2/16,0,1303.75,1249.7407867179777,54.0092132820223
11/3/16,0,1301.0,1253.8339200673017,47.16607993269827
11/4/16,0,1302.8,1257.1532178349362,45.64678216506377
11/7/16,0,1283.05,1258.0154339440694,25.034566055930554
11/8/16,0,1282.35,1259.4152174007565,22.934782599243363
11/9/16,0,1281.4,1260.5612439687052,20.838756031294906
11/10/16,0,1267.5,1261.475415601138,6.024584398862089
11/11/16,0,1236.45,1261.0511380395242,24.60113803952413
11/14/16,0,1213.6,1256.0260502591843,42.42605025918442
11/15/16,0,1226.95,1251.23491831712,24.284918317119946
11/16/16,0,1229.2,1248.0701295977171,18.870129597717096
11/17/16,0,1226.75,1245.385453816986,18.635453816986
11/18/16,0,1211.0,1242.7410229450595,31.741022945059512
11/21/16,0,1214.25,1236.6149415384616,22.364941538461608
11/22/16,0,1212.25,1233.5688061312412,21.318806131241217
11/23/16,0,1185.35,1230.6331630036138,45.283163003613936
11/24/16,0,1186.1,1225.9279940447623,39.82799404476236
11/25/16,0,1187.7,1221.6608833683879,33.96088336838784
11/28/16,0,1187.0,1214.8625720620844,27.862572062084382
11/29/16,0,1186.55,1211.337300918072,24.787300918072106
11/30/16,0,1178.1,1208.0595442736446,29.959544273644724
12/1/16,0,1161.85,1204.4509827495008,42.60098274950087
12/2/16,0,1173.5,1200.0275432371834,26.52754323718341
12/5/16,0,1162.2,1193.3153121888781,31.11531218887808
12/6/16,0,1172.5,1189.552920030647,17.0529200306471
12/7/16,0,1177.65,1186.732007855849,9.082007855848815
12/8/16,0,1171.05,1184.4271248098266,13.377124809826682
12/9/16,0,1163.6,1181.8652936145952,18.265293614595294
12/12/16,0,1156.1,1175.4727314400716,19.372731440071675
12/13/16,0,1158.55,1172.5013721828502,13.951372182850264
12/14/16,0,1162.25,1169.870598093499,7.620598093498984
12/15/16,0,1126.95,1167.6192833093055,40.669283309305456
12/16/16,0,1131.6,1163.4912187872708,31.891218787270873
12/19/16,0,1136.25,1156.120364636929,19.870364636929025
12/20/16,0,1125.7,1153.1041492394752,27.404149239475146
12/21/16,0,1133.65,1149.6801605796293,16.030160579629182
12/22/16,0,1131.35,1146.89180207999,15.54180207999002
12/28/16,0,1134.6,1134.438086378432,0.1619136215679191
12/29/16,0,1145.9,1132.5077391823108,13.392260817689248
1/3/17,0,1151.0,1123.6200061175514,27.379993882448616
1/4/17,0,1164.25,1123.3786291135118,40.871370886488194
1/5/17,0,1176.7,1123.9046084728784,52.79539152712164
1/6/17,0,1175.85,1125.0695590009436,50.78044099905628
1/9/17,0,1178.5,1122.4606818192217,56.03931818077831
1/10/17,0,1189.5,1123.8400331223525,65.65996687764755
1/11/17,0,1178.55,1125.6889977354576,52.86100226454232
1/12/17,0,1205.05,1126.7913877897427,78.2586122102573
1/13/17,0,1190.35,1129.1659486205451,61.184051379454786
1/16/17,0,1203.0,1127.4126000618533,75.58739993814675
1/17/17,0,1216.05,1129.6970331280268,86.3529668719732
1/18/17,0,1214.75,1132.4585052390728,82.29149476092721
1/19/17,0,1196.05,1134.9584304870878,61.0915695129122
1/20/17,0,1200.55,1136.3963948451574,64.15360515484258
1/23/17,0,1212.85,1135.14403758299,77.70596241700991
1/24/17,0,1216.8,1137.4154297282864,79.38457027171353
1/25/17,0,1195.0,1139.7141413259146,55.285858674085375
1/26/17,0,1189.7,1140.8823912896469,48.81760871035317
1/27/17,0,1184.85,1141.7365658009955,43.11343419900436
1/30/17,0,1192.8,1139.823364429113,52.976635570886856
1/31/17,0,1212.8,1140.8949920993732,71.90500790062674
2/1/17,0,1203.65,1142.7494523034527,60.90054769654739
2/2/17,0,1221.95,1144.1080543000776,77.84194569992246
2/3/17,0,1215.2,1146.1347493698238,69.06525063017625
2/6/17,0,1226.75,1145.562292897232,81.18770710276794
2/7/17,0,1231.0,1147.781148455458,83.21885154454208
2/8/17,0,1242.1,1150.0458699283142,92.05413007168568
2/9/17,0,1236.8,1152.6243142120675,84.17568578793248
2/10/17,0,1228.3,1154.8643799791776,73.4356200208224
2/13/17,0,1222.25,1154.7716747716195,67.47832522838053
2/14/17,0,1230.75,1156.4247730053164,74.32522699468359
2/15/17,0,1224.4,1158.3115718737308,66.08842812626926
2/16/17,0,1240.55,1159.8668627273441,80.68313727265581
2/17/17,0,1241.95,1161.932861831549,80.01713816845108
2/20/17,0,1237.3,1162.307968141135,74.99203185886495
2/21/17,0,1233.2,1164.2214362567643,68.97856374323578
2/22/17,0,1236.65,1165.8952426387252,70.75475736127487
2/23/17,0,1247.9,1167.610779502455,80.2892204975451
2/24/17,0,1253.65,1169.636361915648,84.01363808435212
2/27/17,0,1257.2,1170.3623120474078,86.8376879525922
2/28/17,0,1255.6,1172.667817521007,82.9321824789929
3/1/17,0,1240.4,1174.8156534337684,65.58434656623172
3/2/17,0,1238.1,1176.360356050725,61.73964394927498
3/3/17,0,1226.5,1177.7620770029166,48.73792299708339
3/6/17,0,1230.95,1177.521789490849,53.428210509151086
3/7/17,0,1216.65,1178.683162817797,37.96683718220311
3/8/17,0,1209.2,1179.3286730649183,29.871326935081697
3/9/17,0,1206.55,1179.7062585109552,26.84374148904476
3/10/17,0,1202.65,1179.9818620089973,22.668137991002823
3/13/17,0,1204.2,1179.007318714386,25.19268128561407
3/14/17,0,1204.6,1179.2451715315535,25.354828468446385
3/15/17,0,1198.8,1179.4823880832853,19.317611916714668
3/16/17,0,1229.35,1179.5293047173916,49.82069528260831
3/17/17,0,1229.6,1180.4933150850886,49.106684914911284
3/20/17,0,1232.4,1180.3931429513364,52.00685704866373
3/21/17,0,1241.6,1181.4501070507004,60.149892949299556
3/22/17,0,1249.05,1182.7393522970874,66.31064770291255
3/23/17,0,1247.5,1184.1982376842395,63.30176231576047
3/24/17,0,1247.5,1185.5579318688804,61.94206813111964
3/27/17,0,1257.55,1185.9708415149116,71.57915848508833
3/28/17,0,1257.25,1187.6031447409966,69.64685525900336
3/29/17,0,1251.1,1189.1668243053036,61.933175694696274
3/30/17,0,1248.8,1190.5002105031429,58.2997894968571
3/31/17,0,1244.85,1191.7220178273205,53.12798217267937
4/3/17,0,1247.25,1192.0270623545375,55.22293764546248
4/4/17,0,1257.65,1193.1897382862987,64.46026171370136
4/5/17,0,1245.8,1194.5981505414989,51.2018494585011
4/6/17,0,1252.5,1195.6349274053755,56.86507259462451
4/7/17,0,1266.45,1196.8163772980972,69.63362270190282
4/10/17,0,1250.05,1197.6795443237202,52.37045567627979
4/11/17,0,1252.9,1198.7678883707579,54.13211162924222
4/12/17,0,1274.3,1199.895033484567,74.40496651543299
4/13/17,0,1284.15,1201.5475489900466,82.60245100995348
4/18/17,0,1278.95,1202.2965550334327,76.65344496656735
4/19/17,0,1279.05,1204.0955958417856,74.9544041582144
4/20/17,0,1282.1,1205.8355852431575,76.26441475684237
4/21/17,0,1281.85,1207.5974599465626,74.25254005343731
4/24/17,0,1269.4,1208.8489577453165,60.55104225468358
4/25/17,0,1267.8,1210.2233543931259,57.57664560687408
4/26/17,0,1261.85,1211.5100375005516,50.33996249944835
4/27/17,0,1262.8,1212.6014266957816,50.19857330421837
4/28/17,0,1266.45,1213.6815318832455,52.76846811675455
5/2/17,0,1255.45,1214.2863972305202,41.163602769479894
5/3/17,0,1250.3,1215.1677512213357,35.132248778664234
5/4/17,0,1228.45,1215.8891175162842,12.560882483715886
5/5/17,0,1228.05,1216.0389526278532,12.011047372146777
5/8/17,0,1229.8,1215.8506890356264,13.94931096437358
5/9/17,0,1220.4,1216.0391294992414,4.360870500758665
5/10/17,0,1222.95,1215.9879644171303,6.962035582869703
5/11/17,0,1223.15,1215.9997622214833,7.150237778516839
5/12/17,0,1231.25,1216.015112871917,15.234887128083074
5/15/17,0,1233.3,1215.9142233064229,17.3857766935771
5/16/17,0,1234.2,1216.1802789485014,18.019721051498664
5/17/17,0,1257.4,1216.4589827061488,40.941017293851246
5/18/17,0,1255.9,1217.2762325684146,38.62376743158552
5/19/17,0,1252.0,1218.034081633685,33.96591836631501
5/22/17,0,1258.85,1218.4129684976497,40.43703150235024
5/23/17,0,1260.2,1219.2236241967696,40.97637580323044
5/24/17,0,1252.55,1220.0414273464517,32.5085726535483
5/25/17,0,1256.95,1220.6608804720759,36.289119527924186
5/26/17,0,1265.05,1221.3617652776106,43.688234722389325
5/30/17,0,1262.7,1221.9005091462318,40.79949085376825
5/31/17,0,1266.2,1222.7245714684643,43.47542853153573
6/1/17,0,1264.85,1223.6037973474156,41.246202652584316
6/2/17,0,1274.95,1224.4278891164306,50.52211088356944
6/5/17,0,1279.95,1225.2809981573937,54.66900184260635
6/6/17,0,1293.5,1226.4163551326471,67.08364486735286
6/7/17,0,1291.0,1227.8191408988434,63.18085910115656
6/8/17,0,1273.1,1229.1287503285278,43.97124967147215
6/9/17,0,1266.55,1230.0160630369157,36.533936963084216
6/12/17,0,1266.4,1230.6325045966637,35.7674954033364
6/13/17,0,1262.0,1231.3522769257984,30.647723074201622
6/14/17,0,1275.5,1231.9584780775297,43.54152192247034
6/15/17,0,1254.55,1232.8342660319827,21.715733968017275
6/16/17,0,1255.4,1233.2482886111018,22.15171138889832
6/19/17,0,1248.15,1233.597119313543,14.552880686457002
6/20/17,0,1242.2,1233.866146267738,8.333853732262014
6/21/17,0,1242.5,1234.0046214966283,8.49537850337174
6/22/17,0,1250.8,1234.1455764315283,16.654423568471657
6/23/17,0,1255.7,1234.4516188211328,21.24838117886725
6/26/17,0,1245.25,1234.7913693398289,10.458630660171139
6/27/17,0,1249.55,1234.9755834633288,14.574416536671151
6/28/17,0,1248.0,1235.2417099366855,12.758290063314462
6/29/17,0,1243.5,1235.4702397158972,8.02976028410285
6/30/17,0,1242.25,1235.6041846442115,6.6458153557885
7/3/17,0,1229.25,1235.6638139067754,6.413813906775431
7/4/17,0,1223.75,1235.5136772921605,11.763677292160537
7/5/17,0,1220.3,1235.2593123808854,14.959312380885422
7/6/17,0,1224.9,1234.9439562289604,10.043956228960269
7/7/17,0,1215.65,1234.724352177915,19.07435217791499
7/10/17,0,1211.9,1234.2750094007208,22.375009400720728
7/11/17,0,1211.05,1233.8150912706024,22.765091270602397
7/12/17,0,1218.8,1233.3496271452052,14.54962714520525
7/13/17,0,1218.9,1233.041237171444,14.14123717144389
7/14/17,0,1230.3,1232.741632503311,2.4416325033109842
7/17/17,0,1234.1,1232.5875397827467,1.5124602172531922
7/18/17,0,1240.75,1232.5795597581894,8.170440241810638
7/19/17,0,1242.15,1232.6951499133156,9.454850086684473
7/20/17,0,1238.7,1232.8337659713443,5.866234028655754
7/21/17,0,1248.55,1232.9061896967407,15.643810303259215
7/24/17,0,1255.55,1233.0895226926639,22.460477307336078
7/25/17,0,1254.4,1233.467210845928,20.932789154071997
7/26/17,0,1248.1,1233.8155507686636,14.284449231336339
7/27/17,0,1261.1,1234.0429892353739,27.057010764626057
7/28/17,0,1264.9,1234.49687195865,30.4031280413501
7/31/17,0,1267.55,1234.9616745275412,32.58832547245879
8/1/17,0,1270.95,1235.5195943742856,35.43040562571446
8/2/17,0,1269.6,1236.1254731095162,33.47452689048373
8/3/17,0,1268.1,1236.6946650230575,31.405334976942413
8/4/17,0,1257.7,1237.2256970324593,20.47430296754078
8/7/17,0,1258.0,1237.5444901665483,20.455509833451742
8/8/17,0,1261.8,1237.8897627655854,23.91023723441458
8/9/17,0,1271.05,1238.293331100904,32.756668899095985
8/10/17,0,1284.4,1238.8468682778164,45.55313172218371
8/11/17,0,1286.1,1239.6157575354423,46.48424246455761
8/14/17,0,1282.3,1240.401616364067,41.89838363593299
8/15/17,0,1270.3,1241.1164393483105,29.183560651689504
8/16/17,0,1272.75,1241.6140631383928,31.135936861607206
8/17/17,0,1285.15,1242.1426020578556,43.00739794214451
8/18/17,0,1295.8,1242.8664904145287,52.933509585471256
8/21/17,0,1292.9,1243.7845159043607,49.11548409563943
8/22/17,0,1284.2,1244.6180545202549,39.58194547974517
8/23/17,0,1286.65,1245.291328776518,41.35867122348213
8/24/17,0,1289.0,1245.9914195785113,43.00858042148866
8/25/17,0,1285.3,1246.7160197700448,38.58398022995516
8/29/17,0,1318.65,1247.461103483359,71.18889651664108
8/30/17,0,1308.5,1248.6608263058038,59.839173694196234
8/31/17,0,1311.75,1249.6714849969687,62.07851500303127
9/1/17,0,1320.4,1250.7148603545324,69.68513964546764
9/4/17,0,1333.1,1251.975305158352,81.12469484164785
9/5/17,0,1335.55,1253.3367805687237,82.21321943127623
9/6/17,0,1337.85,1254.7109754686485,83.13902453135142
9/7/17,0,1343.5,1256.0952559629175,87.40474403708254
9/8/17,0,1346.25,1257.5423984830015,88.70760151699847
9/11/17,0,1334.2,1259.1594674822666,75.04053251773348
9/12/17,0,1326.5,1260.424019207932,66.0759807920681
9/13/17,0,1327.55,1261.543618278084,66.00638172191589
9/14/17,0,1324.55,1262.658578967049,61.89142103295103
9/15/17,0,1322.85,1263.7064356230958,59.14356437690412
9/18/17,0,1312.1,1264.9045784354055,47.195421564594426
9/19/17,0,1309.6,1265.7335096234403,43.86649037655957
9/20/17,0,1311.3,1266.508761996083,44.79123800391699
9/21/17,0,1292.1,1267.2958869503884,24.804113049611487
9/22/17,0,1294.8,1267.7779055214069,27.02209447859309
9/25/17,0,1293.3,1268.5105700641018,24.78942993589817
9/26/17,0,1300.05,1268.9959562821484,31.054043717851528
9/27/17,0,1282.55,1269.5744684163487,12.975531583651218
9/28/17,0,1283.35,1269.881076601928,13.468923398071865
9/29/17,0,1283.1,1270.1943993601096,12.905600639890281
10/2/17,0,1273.7,1270.728427866661,2.971572133339123
10/3/17,0,1271.25,1270.8874329054665,0.3625670945334605
10/4/17,0,1274.25,1271.0077717741874,3.242228225812596
10/5/17,0,1274.5,1271.1703168075144,3.329683192485618
10/6/17,0,1261.8,1271.3339891415774,9.533989141577422
10/9/17,0,1278.75,1271.5411795937741,7.208820406225868
10/10/17,0,1291.4,1271.7611411226214,19.638858877378652
10/11/17,0,1289.25,1272.1607641269936,17.089235873006373
10/12/17,0,1290.25,1272.52284850266,17.727151497339946
10/13/17,0,1299.6,1272.8933084464056,26.706691553594283
10/16/17,0,1303.3,1273.6296689546625,29.670331045337434
10/17/17,0,1284.75,1274.1736937448416,10.576306255158443
10/18/17,0,1280.2,1274.4451499946592,5.754850005340813
10/19/17,0,1286.4,1274.648117193562,11.751882806438061
10/20/17,0,1281.2,1274.9349155810728,6.265084418927245
10/23/17,0,1274.9,1275.3908040233641,0.49080402336403495
10/24/17,0,1276.45,1275.5069003408587,0.9430996591413532
10/25/17,0,1275.0,1275.64301320711,0.6430132071100161
10/26/17,0,1273.75,1275.7571144063547,2.007114406354731
10/27/17,0,1266.45,1275.8524661444073,9.402466144407299
10/30/17,0,1272.0,1276.091583454512,4.09158345451192
10/31/17,0,1270.15,1276.157597717448,6.007597717447879
11/1/17,0,1277.05,1276.197538965897,0.8524610341030439
11/2/17,0,1279.2,1276.3310493565996,2.868950643400467
11/3/17,0,1267.2,1276.4917879965242,9.291787996524135
11/6/17,0,1270.9,1276.732352535532,5.832352535531982
11/7/17,0,1275.6,1276.7750381990897,1.1750381990898404
11/8/17,0,1284.0,1276.8805993801104,7.119400619889575
11/9/17,0,1284.8,1277.097077270693,7.70292272930692
11/10/17,0,1284.3,1277.3210468178843,6.978953182115674
11/13/17,0,1277.95,1277.7798460447589,0.17015395524117594
11/14/17,0,1274.6,1277.9044397477226,3.304439747722654
11/15/17,0,1282.2,1277.98309405957,4.216905940430024
11/16/17,0,1280.0,1278.1606808084134,1.8393191915865827
11/17/17,0,1284.35,1278.3070752738558,6.042924726144065
11/20/17,0,1286.2,1278.7534245958614,7.4465754041386845
11/21/17,0,1283.3,1278.9735309618163,4.326469038183632
11/22/17,0,1286.95,1279.1528232469334,7.797176753066651
11/23/17,0,1290.35,1279.3767958536796,10.973204146320313
11/24/17,0,1290.5,1279.6412820098863,10.858717990113746
11/27/17,0,1294.9,1280.1530508497694,14.746949150230648
11/28/17,0,1291.85,1280.4672190727276,11.382780927272279
11/29/17,0,1283.85,1280.7378862099713,3.1121137900286158
11/30/17,0,1280.2,1280.9031038970688,0.703103897068786
12/1/17,0,1275.5,1281.0200394718495,5.520039471849486
12/4/17,0,1273.45,1281.3276292288613,7.877629228861224
12/5/17,0,1266.3,1281.3535513231632,15.05355132316322
12/6/17,0,1263.7,1281.2895165673854,17.589516567385317
12/7/17,0,1255.0,1281.1942715607086,26.194271560708557
12/8/17,0,1250.65,1280.9926596010666,30.342659601066543
12/11/17,0,1247.15,1280.9837154884876,33.83371548848754
12/12/17,0,1240.9,1280.684244906421,39.78424490642101
12/13/17,0,1242.65,1280.3122375330702,37.66223753307008
12/14/17,0,1251.0,1279.9675678861954,28.96756788619541
12/15/17,0,1254.6,1279.730371327681,25.130371327681132
12/18/17,0,1260.6,1279.7705297423859,19.170529742385952
12/19/17,0,1260.35,1279.6506543903793,19.30065439037935
12/20/17,0,1264.55,1279.5297850976822,14.979785097682225
12/21/17,0,1264.55,1279.4618132975268,14.911813297526805
12/27/17,0,1279.4,1279.9563393829744,0.556339382974329
12/28/17,0,1291.0,1280.0617135053003,10.938286494699696
1/2/18,0,1312.05,1280.7588874407836,31.291112559216344
1/3/18,0,1314.9,1281.2631974629644,33.63680253703569
1/4/18,0,1314.5,1281.7954790148697,32.70452098513033
1/5/18,0,1317.15,1282.314970083572,34.835029916428084
1/8/18,0,1319.95,1283.0949693544771,36.8550306455229
1/9/18,0,1311.0,1283.6684062286924,27.331593771307553
1/10/18,0,1319.75,1284.1234300397632,35.62656996023679
1/11/18,0,1323.05,1284.6787602383565,38.37123976164344
1/12/18,0,1326.8,1285.266133422323,41.53386657767692
1/15/18,0,1339.25,1286.1393352390373,53.11066476096266
1/16/18,0,1333.85,1286.9087318542183,46.94126814578158
1/17/18,0,1335.65,1287.6017573824422,48.04824261755789
1/18/18,0,1332.2,1288.3064173223986,43.893582677601444
1/19/18,0,1334.95,1288.959877707803,45.99012229219716
1/22/18,0,1332.6,1289.9030409362556,42.696959063744316
1/23/18,0,1333.4,1290.545592147957,42.854407852043096
1/24/18,0,1353.7,1291.1885440673334,62.51145593266665
1/25/18,0,1354.95,1292.0618418810068,62.88815811899326
1/26/18,0,1353.15,1292.9375082364963,60.21249176350375
1/29/18,0,1343.85,1294.0653480412338,49.78465195876606
1/30/18,0,1344.9,1294.7918776319425,50.10812236805759
1/31/18,0,1345.05,1295.5205421449552,49.52945785504471
2/1/18,0,1341.35,1296.240888878756,45.109111121243814
2/2/18,0,1331.15,1296.9087249134675,34.241275086532596
2/5/18,0,1333.6,1297.7516098472006,35.84839015279931
2/6/18,0,1331.4,1298.3155347527725,33.08446524722763
2/7/18,0,1324.65,1298.8466355610906,25.80336443890951
2/8/18,0,1315.45,1299.2936904681667,16.156309531833358
2/9/18,0,1314.1,1299.630572083578,14.469427916421864
2/12/18,0,1322.3,1300.2573007947833,22.04269920521665
2/13/18,0,1325.35,1300.6620511360377,24.68794886396222
2/14/18,0,1336.25,1301.0959796189272,35.15402038107277
2/15/18,0,1352.45,1301.6466115243343,50.80338847566577
2/16/18,0,1352.1,1302.370864199512,49.72913580048794
2/19/18,0,1346.6,1303.4027963472276,43.19720365277226
2/20/18,0,1339.85,1304.0456110866708,35.80438891332915
2/21/18,0,1330.5,1304.6050798091167,25.89492019088334
2/22/18,0,1328.35,1305.0540876912685,23.29591230873143
2/23/18,0,1327.95,1305.473825456044,22.47617454395595
2/26/18,0,1333.5,1306.2144452598072,27.285554740192765
2/27/18,0,1325.75,1306.6795913272304,19.070408672769645
2/28/18,0,1317.85,1307.054160764679,10.795839235320955
3/1/18,0,1307.75,1307.338223831949,0.411776168050892
3/2/18,0,1322.3,1307.5096648016558,14.79033519834411
3/5/18,0,1320.4,1308.1707144249647,12.22928557503542
3/6/18,0,1331.4,1308.470529884354,22.929470115646154
3/7/18,0,1329.4,1308.885231429926,20.51476857007401
3/8/18,0,1321.0,1309.2734647965929,11.726535203407138
3/9/18,0,1320.6,1309.5675201895467,11.032479810453196
3/12/18,0,1319.15,1310.1934388822126,8.956561117787487
3/13/18,0,1322.75,1310.4587017857245,12.291298214275457
3/14/18,0,1323.55,1310.7591078358805,12.790892164119441
3/15/18,0,1318.75,1311.0644749454698,7.685525054530217
3/16/18,0,1310.1,1311.3159167730887,1.215916773088793
3/19/18,0,1312.4,1311.8160260357622,0.5839739642378845
3/20/18,0,1311.0,1311.993088106729,0.9930881067289192
3/21/18,0,1321.35,1312.1536489104992,9.196351089500695
3/22/18,0,1329.15,1312.420219097151,16.729780902849143
3/23/18,0,1346.6,1312.7645370149664,33.83546298503347
3/26/18,0,1352.4,1313.6297602630868,38.770239736913254
3/27/18,0,1341.45,1314.2038656864033,27.246134313596713
3/28/18,0,1332.45,1314.6582783237945,17.791721676205498
3/29/18,0,1323.85,1315.0151004295788,8.834899570421157
4/3/18,0,1333.45,1315.9805389282417,17.46946107175836
4/4/18,0,1337.3,1316.3367770727948,20.963222927205152
4/5/18,0,1327.7,1316.728612491173,10.971387508827092
4/6/18,0,1331.2,1317.0173699999843,14.182630000015706
4/9/18,0,1331.95,1317.6922956292128,14.257704370787224
4/10/18,0,1338.95,1318.0155081312953,20.934491868704754
4/11/18,0,1350.75,1318.4065741316683,32.34342586833168
4/12/18,0,1341.35,1318.91309941726,22.43690058274001
4/13/18,0,1343.7,1319.3186475125474,24.38135248745266
4/16/18,0,1349.35,1320.1028888976236,29.247111102376266
4/17/18,0,1342.1,1320.578657367625,21.521342632374854
4/18/18,0,1351.45,1320.9759331675712,30.47406683242889
4/19/18,0,1348.6,1321.4624012512563,27.137598748743585
4/20/18,0,1336.75,1321.914898226266,14.835101773734095
4/23/18,0,1324.3,1322.610680352307,1.6893196476928551
4/24/18,0,1328.85,1322.8105167702545,6.039483229745429
4/25/18,0,1321.65,1323.0534955773007,1.403495577300646
4/26/18,0,1320.7,1323.2228110659091,2.5228110659090817
4/27/18,0,1321.5,1323.3811535790232,1.8811535790232483
4/30/18,0,1313.2,1323.911901717541,10.711901717540968
5/1/18,0,1307.1,1323.9895757650118,16.88957576501184
5/2/18,0,1304.2,1324.0070173810645,19.807017381064497
5/3/18,0,1315.05,1323.9964073512783,8.946407351278367
5/4/18,0,1309.4,1324.0915346916797,14.691534691679635
5/8/18,0,1306.6,1324.67532578639,18.075325786390067
5/9/18,0,1313.85,1324.6804120402576,10.83041204025767
5/10/18,0,1318.8,1324.7561983826,5.9561983825999505
5/11/18,0,1324.35,1324.879292110115,0.5292921101151933
5/14/18,0,1319.85,1325.415591481766,5.565591481765978
5/15/18,0,1295.0,1325.5422834353249,30.542283435324862
5/16/18,0,1291.25,1325.4289521227954,34.17895212279541
5/17/18,0,1289.5,1325.2814781489235,35.7814781489235
5/18/18,0,1288.3,1325.1194633717698,36.81946337176987
5/21/18,0,1288.35,1325.3026126248305,36.952612624830635
5/22/18,0,1293.05,1325.1276212802643,32.07762128026434
5/23/18,0,1289.0,1324.9996533530618,35.99965335306183
5/24/18,0,1304.85,1324.8353267574744,19.985326757474468
5/25/18,0,1303.5,1324.8222344811877,21.322234481187706
5/29/18,0,1295.5,1325.3184116153425,29.818411615342484
5/30/18,0,1300.7,1325.2105224281377,24.51052242813762
5/31/18,0,1305.35,1325.153173679715,19.8031736797152
6/1/18,0,1294.6,1325.140393059558,30.540393059558028
6/4/18,0,1295.45,1325.3708800129602,29.920880012960197
6/5/18,0,1292.05,1325.2621992716354,33.21219927163543
6/6/18,0,1300.1,1325.1234691107795,25.023469110779615
6/7/18,0,1297.25,1325.061384618593,27.81138461859291
6/8/18,0,1298.25,1324.9740562698719,26.72405626987188
6/11/18,0,1299.6,1325.2339240749038,25.633924074903916
6/12/18,0,1298.65,1325.1654410101287,26.515441010128598
6/13/18,0,1296.15,1325.089367734035,28.93936773403493
6/14/18,0,1302.75,1324.9916277145585,22.24162771455849
6/15/18,0,1285.25,1324.9554946952085,39.70549469520847
6/18/18,0,1281.55,1325.091864926183,43.54186492618305
6/19/18,0,1276.15,1324.860135575512,48.71013557551191
6/20/18,0,1274.2,1324.5823419753278,50.38234197532779
6/21/18,0,1266.15,1324.290368885792,58.140368885791986
6/22/18,0,1269.15,1323.9295409233,54.77954092329992
6/25/18,0,1268.7,1323.9197846719258,55.21978467192571
6/26/18,0,1260.3,1323.5826956405824,63.28269564058246
6/27/18,0,1254.6,1323.174392525629,68.57439252562904
6/28/18,0,1251.55,1322.7200469039735,71.17004690397357
6/29/18,0,1250.45,1322.2438896704002,71.79388967040018
7/2/18,0,1247.8,1322.0699380809483,74.26993808094835
7/3/18,0,1251.75,1321.5630632873067,69.8130632873067
7/4/18,0,1255.65,1321.0969871611221,65.44698716112202
7/5/18,0,1255.5,1320.670636186034,65.17063618603402
7/6/18,0,1255.35,1320.2478643238412,64.8978643238413
7/9/18,0,1262.05,1320.1215284112025,58.07152841120251
7/10/18,0,1254.0,1319.7582371608673,65.75823716086734
7/11/18,0,1251.4,1319.3287886884325,67.9287886884324
7/12/18,0,1245.9,1318.8815936086569,72.9815936086568
7/13/18,0,1241.7,1318.391767684205,76.69176768420493
7/16/18,0,1241.1,1318.1507904037865,77.05079040378655
7/17/18,0,1232.8,1317.6224780991108,84.82247809911087
7/18/18,0,1224.5,1317.02838288499,92.52838288498992
7/19/18,0,1217.55,1316.369458717619,98.819458717619
7/20/18,0,1228.75,1315.6581987596717,86.90819875967168
7/23/18,0,1224.95,1315.313031762918,90.3630317629179
7/24/18,0,1228.35,1314.6702795524018,86.32027955240187
7/25/18,0,1231.5,1314.063529210469,82.56352921046891
7/26/18,0,1228.25,1313.4901163038176,85.24011630381756
7/27/18,0,1223.95,1312.8953844332216,88.94538443322153
7/30/18,0,1223.8,1312.517542421399,88.717542421399
7/31/18,0,1220.95,1311.8897623221978,90.9397623221978
8/1/18,0,1219.0,1311.2446822827173,92.24468228271735
8/2/18,0,1215.45,1310.5900928485325,95.1400928485325
8/3/18,0,1216.3,1309.9127309023709,93.61273090237091
8/6/18,0,1209.65,1309.4795520690016,99.82955206900147
8/7/18,0,1212.35,1308.7590888199086,96.40908881990867
8/8/18,0,1209.55,1308.0687086062253,98.51870860622535
8/9/18,0,1214.35,1307.36230863876,93.01230863876003
8/10/18,0,1214.4,1306.7029397247609,92.30293972476079
8/13/18,0,1200.35,1306.2636866852542,105.91368668525433
8/14/18,0,1197.0,1305.4938569712647,108.49385697126468
8/15/18,0,1182.0,1304.70438847329,122.70438847329001
8/16/18,0,1180.4,1303.799916603225,123.39991660322494
8/17/18,0,1178.4,1302.8915765545548,124.49157655455474
8/20/18,0,1184.35,1302.168624622557,117.81862462255708
8/21/18,0,1190.95,1301.3010494920632,110.35104949206311
8/22/18,0,1196.65,1300.496079295727,103.8460792957269
8/23/18,0,1192.35,1299.7455248034505,107.3955248034506
8/24/18,0,1197.7,1298.9677707655126,101.26777076551252
8/28/18,0,1212.25,1298.5018953804781,86.25189538047812
8/29/18,0,1204.2,1297.8882220504156,93.68822205041556
8/30/18,0,1197.3,1297.2156626615013,99.9156626615013
8/31/18,0,1202.45,1296.494283637797,94.04428363779698
9/3/18,0,1200.05,1295.9829152371058,95.93291523710582
9/4/18,0,1190.85,1295.2900045165904,104.44000451659053
9/5/18,0,1196.7,1294.530173096764,97.83017309676393
9/6/18,0,1205.15,1293.8247467726637,88.67474677266364
9/7/18,0,1198.9,1293.1936937742694,94.29369377426929
9/10/18,0,1196.6,1292.6647991232285,96.06479912322857
9/11/18,0,1189.85,1291.971443974794,102.12144397479415
9/12/18,0,1195.6,1291.2313515555245,95.63135155552459
9/13/18,0,1209.8,1290.5440635151072,80.7440635151072
9/14/18,0,1201.95,1289.975473804922,88.02547380492206
9/17/18,0,1201.9,1289.4813534654265,87.58135346542645
9/18/18,0,1200.2,1288.8557783371189,88.65577833711882
9/19/18,0,1203.3,1288.222984028994,84.92298402899405
9/20/18,0,1208.35,1287.6206307947841,79.27063079478421
9/21/18,0,1198.7,1287.0635098252858,88.36350982528575
9/24/18,0,1202.75,1286.5537499448278,83.80374994482781
9/25/18,0,1201.9,1285.9582752387191,84.05827523871903
9/26/18,0,1194.25,1285.3619624857208,91.11196248572082
9/27/18,0,1185.4,1284.712144559647,99.31214455964687
9/28/18,0,1187.25,1284.0002526254214,96.75025262542135
10/1/18,0,1189.35,1283.412166872764,94.06216687276401
10/2/18,0,1204.7,1282.7373481884276,78.03734818842759
10/3/18,0,1201.2,1282.1870415146786,80.9870415146786
10/4/18,0,1203.45,1281.6151481887612,78.16514818876112
10/5/18,0,1203.8,1281.0658428246354,77.26584282463546
10/8/18,0,1186.95,1280.614738401161,93.664738401161
10/9/18,0,1185.55,1279.9443160880276,94.39431608802761
10/10/18,0,1188.6,1279.2695515249359,90.66955152493597
10/11/18,0,1205.55,1278.6242387162567,73.07423871625679
10/12/18,0,1219.75,1278.113027821073,58.36302782107305
10/15/18,0,1229.95,1277.7915915874134,47.841591587413404
10/16/18,0,1230.7,1277.4688950004813,46.76889500048128
10/17/18,0,1229.05,1277.1548835843957,48.10488358439579
10/18/18,0,1223.0,1276.8314241064684,53.831424106468376
10/19/18,0,1227.85,1276.4657189207464,48.61571892074653
10/22/18,0,1222.3,1276.2104561419603,53.91045614196037
10/23/18,0,1235.95,1275.8424241717332,39.89242417173318
10/24/18,0,1230.55,1275.5795975529759,45.02959755297593
10/25/18,0,1230.8,1275.2790797547034,44.479079754703434
10/26/18,0,1233.85,1274.9831760597049,41.133176059704965
10/29/18,0,1230.8,1274.7769486564187,43.9769486564187
10/30/18,0,1225.4,1274.483339626243,49.08333962624283
10/31/18,0,1214.95,1274.1525580515656,59.202558051565575
11/1/18,0,1231.15,1273.7479093459115,42.597909345911376
11/2/18,0,1232.1,1273.4656852402957,41.36568524029576
11/5/18,0,1232.25,1273.2507526280028,41.00075262800283
11/6/18,0,1231.6,1272.9788728027422,41.37887280274231
11/7/18,0,1229.95,1272.7047100537056,42.754710053705594
11/8/18,0,1224.15,1272.4210030634893,48.27100306348916
11/9/18,0,1211.4,1272.097737269969,60.69773726996891
11/12/18,0,1205.55,1271.7364362751623,66.18643627516235
11/13/18,0,1202.1,1271.2813083632282,69.18130836322825
11/14/18,0,1203.25,1270.8052595474012,67.55525954740119
11/15/18,0,1211.85,1270.3417227261107,58.491722726110766
11/16/18,0,1222.4,1269.9440986455602,47.5440986455601
11/19/18,0,1221.6,1269.6684766159167,48.06847661591678
11/20/18,0,1223.0,1269.3441339615222,46.344133961522175
11/21/18,0,1226.1,1269.0326923990074,42.932692399007465
11/22/18,0,1227.05,1268.7461369357227,41.696136935722734
11/23/18,0,1223.65,1268.4688537404218,44.81885374042167
11/26/18,0,1223.4,1268.206804855267,44.80680485526682
11/27/18,0,1221.2,1267.9060165944527,46.70601659445265
11/28/18,0,1213.25,1267.5922327897824,54.34223278978243
11/29/18,0,1226.25,1267.2249105950639,40.974910595063875
11/30/18,0,1217.55,1266.9524521054761,49.402452105476186
12/3/18,0,1230.3,1266.6519369972623,36.35193699726233
12/4/18,0,1240.3,1266.4107408223097,26.110740822309708
12/5/18,0,1235.9,1266.2419748135205,30.341974813520437
12/6/18,0,1242.55,1266.043819875233,23.493819875233157
12/7/18,0,1243.3,1265.8938331395611,22.593833139561184
12/10/18,0,1245.35,1265.7775355702418,20.427535570241844
12/11/18,0,1245.3,1265.6482903521555,20.348290352155573
12/12/18,0,1245.75,1265.5198116058216,19.769811605821587
12/13/18,0,1242.75,1265.3955613110957,22.645561311095662
12/14/18,0,1235.35,1265.2516031210089,29.901603121008975
12/17/18,0,1241.65,1265.0821246803414,23.432124680341303
12/18/18,0,1246.3,1264.9319519321123,18.631951932112315
12/19/18,0,1255.0,1264.8151651177984,9.815165117798415
12/20/18,0,1259.75,1264.7592479862149,5.009247986214859
12/21/18,0,1258.15,1264.7363976488355,6.586397648835373
12/27/18,0,1268.0,1264.7596641369944,3.240335863005612
12/28/18,0,1279.0,1264.793517464668,14.206482535332043
1/2/19,0,1282.9,1264.9495135553368,17.950486444663284
1/3/19,0,1290.45,1265.0865824570517,25.363417542948355
1/4/19,0,1279.9,1265.275087714008,14.624912285992195
1/7/19,0,1292.2,1265.413352516099,26.786647483901106
1/8/19,0,1286.45,1265.6123090343738,20.83769096562628
1/9/19,0,1288.6,1265.7696448779504,22.83035512204947
1/10/19,0,1291.9,1265.940534518554,25.95946548144616
1/11/19,0,1288.95,1266.132750759045,22.817249240955107
1/14/19,0,1292.75,1266.3305888892842,26.419411110715828
1/15/19,0,1294.4,1266.5266138533682,27.8733861466319
1/16/19,0,1292.3,1266.7323389932646,25.567661006735307
1/17/19,0,1290.7,1266.9219546387462,23.778045361253817
1/18/19,0,1284.2,1267.099067973113,17.100932026886994
1/21/19,0,1279.55,1267.2608738916117,12.289126108388245
1/22/19,0,1282.1,1267.3600292526544,14.739970747345524
1/23/19,0,1279.8,1267.4757371944957,12.324262805504304
1/24/19,0,1283.7,1267.5748922026787,16.125107797321334
1/25/19,0,1293.9,1267.6996237713677,26.20037622863242
1/28/19,0,1302.15,1267.924426069522,34.22557393047805
1/29/19,0,1307.55,1268.1721465587455,39.3778534412545
1/30/19,0,1310.7,1268.4542446096277,42.245755390372324
1/31/19,0,1323.25,1268.7552027713027,54.49479722869728
2/1/19,0,1318.7,1269.1377807257381,49.562219274261906
2/4/19,0,1312.15,1269.5242522678232,42.62574773217693
2/5/19,0,1314.2,1269.8285981752817,44.371401824718305
2/6/19,0,1312.4,1270.1441587168508,42.255841283149266
2/7/19,0,1310.0,1270.4451769437967,39.554823056203304
2/8/19,0,1314.85,1270.7278407800793,44.122159219920604
2/11/19,0,1306.4,1271.0825429693443,35.31745703065576
2/12/19,0,1310.0,1271.3381062175924,38.66189378240756
2/13/19,0,1312.8,1271.6154390472461,41.18456095275383
2/14/19,0,1311.45,1271.909021309972,39.54097869002794
2/15/19,0,1316.55,1272.1913884766066,44.35861152339339
2/18/19,0,1325.5,1272.5516017157208,52.948398284279165
2/19/19,0,1334.15,1272.9231660291164,61.22683397088372
2/20/19,0,1343.75,1273.348474425465,70.40152557453507
2/21/19,0,1331.25,1273.8331368520762,57.41686314792378
2/22/19,0,1329.05,1274.2325295648438,54.81747043515611
2/25/19,0,1331.05,1274.6676596437526,56.38234035624737
2/26/19,0,1325.05,1275.0616669304884,49.988333069511555
2/27/19,0,1322.85,1275.413589094869,47.43641090513097
2/28/19,0,1319.15,1275.748505283544,43.401494716456
3/1/19,0,1311.95,1276.0569245373097,35.893075462690376
3/4/19,0,1285.4,1276.374815299888,9.02518470011205
3/5/19,0,1283.8,1276.462195583226,7.337804416773906
3/6/19,0,1285.85,1276.538627358312,9.311372641687967
3/7/19,0,1285.3,1276.6276553987755,8.672344601224495
3/8/19,0,1296.75,1276.7125087751963,20.037491224803716
3/11/19,0,1292.75,1276.9291150408583,15.820884959141722
3/12/19,0,1297.05,1277.0600427809281,19.989957219071812
3/13/19,0,1306.95,1277.2174225882645,29.73257741173552
3/14/19,0,1295.55,1277.4365867535444,18.113413246455593
3/15/19,0,1303.5,1277.5818034486247,25.91819655137533
3/18/19,0,1305.6,1277.837827089876,27.76217291012381
3/19/19,0,1307.7,1278.0447527703795,29.6552472296205
3/20/19,0,1303.7,1278.2633972560513,25.436602743948697
3/21/19,0,1309.6,1278.4551770979433,31.144822902056603
3/22/19,0,1311.3,1278.6826107418551,32.61738925814484
3/25/19,0,1319.55,1278.9836351363747,40.56636486362527
3/26/19,0,1316.3,1279.2710433962657,37.02895660373429
3/27/19,0,1309.7,1279.5359131325329,30.164086867467176
3/28/19,0,1295.15,1279.757549880949,15.392450119051091
3/29/19,0,1295.4,1279.8868763224334,15.513123677566682
4/1/19,0,1293.5,1280.0842601333518,13.41573986664821
4/2/19,0,1290.3,1280.2016139444324,10.098386055567516
4/3/19,0,1290.45,1280.2982322922535,10.151767707746558
4/4/19,0,1283.15,1280.3950942936922,2.754905706307909
4/5/19,0,1288.45,1280.4461703684526,8.003829631547433
4/8/19,0,1300.0,1280.597879657348,19.402120342652097
4/9/19,0,1303.0,1280.751963547549,22.24803645245106
4/10/19,0,1305.45,1280.9234192621507,24.526580737849372
4/11/19,0,1298.8,1281.1086868021348,17.691313197865156
4/12/19,0,1294.3,1281.25187616296,13.048123837040066
4/15/19,0,1285.65,1281.4367773205722,4.213222679427872
4/16/19,0,1276.35,1281.497708658941,5.147708658941156
4/17/19,0,1275.85,1281.5014027272202,5.651402727220329
4/18/19,0,1275.7,1281.5020705264053,5.802070526405259
4/23/19,0,1269.5,1281.6418315703684,12.141831570368367
4/24/19,0,1271.65,1281.6023491466628,9.952349146662755
4/25/19,0,1280.8,1281.576361256734,0.7763612567339351
4/26/19,0,1284.2,1281.6064060408032,2.5935939591968236
4/29/19,0,1279.5,1281.7265351861597,2.2265351861597082
4/30/19,0,1282.3,1281.7477510053525,0.5522489946474707
5/1/19,0,1283.8,1281.7858836886935,2.014116311306452
5/2/19,0,1270.95,1281.8328750486803,10.882875048680262
5/3/19,0,1278.55,1281.80188422906,3.251884229060124
5/7/19,0,1281.2,1281.9209778087657,0.7209778087656105
5/8/19,0,1285.2,1281.951270489558,3.24872951044199
5/9/19,0,1286.1,1282.0055777491143,4.0944222508856
5/10/19,0,1287.1,1282.0649571110382,5.035042888961698
5/13/19,0,1295.6,1282.199506352649,13.400493647350913
5/14/19,0,1298.4,1282.3151085923896,16.084891407610485
5/15/19,0,1299.1,1282.446740901447,16.653259098553008
5/16/19,0,1291.7,1282.5816464228121,9.118353577187918
5/17/19,0,1280.8,1282.6713638547826,1.8713638547826577
5/20/19,0,1276.85,1282.766024467475,5.916024467475154
5/21/19,0,1271.15,1282.7659100193025,11.615910019302419
5/22/19,0,1273.8,1282.731855719248,8.931855719248006
5/23/19,0,1283.65,1282.7138556632162,0.9361443367838547
5/24/19,0,1282.5,1282.7544319146248,0.25443191462477444
5/28/19,0,1278.3,1282.893059462896,4.593059462896008
5/29/19,0,1281.65,1282.9007709670368,1.2507709670367149
5/30/19,0,1280.95,1282.9283436559183,1.978343655918252
5/31/19,0,1295.55,1282.9516238545382,12.59837614546177
6/3/19,0,1317.1,1283.1310244828571,33.96897551714278
6/4/19,0,1324.25,1283.3670334884998,40.88296651150017
6/5/19,0,1335.05,1283.6435430216864,51.4064569783136
6/6/19,0,1335.5,1283.9816108561927,51.518389143807326
6/7/19,0,1340.65,1284.3199226489262,56.330077351073896
6/10/19,0,1328.6,1284.7602405158523,43.839759484147635
6/11/19,0,1324.3,1285.0545341083352,39.24546589166471
6/12/19,0,1332.35,1285.3216030967037,47.0283969032962
6/13/19,0,1335.9,1285.6337525247363,50.266247475263754
6/14/19,0,1351.25,1285.9643630226346,65.28563697736536
6/17/19,0,1341.3,1286.460231118649,54.83976888135089
6/18/19,0,1341.35,1286.8185237390096,54.5314762609903
6/19/19,0,1344.05,1287.1745959703476,56.87540402965237
6/20/19,0,1379.5,1287.543801866638,91.95619813336202
6/21/19,0,1397.15,1288.114921870121,109.03507812987914
6/24/19,0,1405.7,1288.8684052650162,116.83159473498381
6/25/19,0,1431.4,1289.584910055097,141.8150899449031
6/26/19,0,1403.95,1290.4442572504393,113.5057427495608
6/27/19,0,1402.5,1291.140098609781,111.35990139021897
6/28/19,0,1409.0,1291.8228066759843,117.17719332401566
7/1/19,0,1390.1,1292.6328352517191,97.46716474828077
7/2/19,0,1391.05,1293.2381354981167,97.81186450188329
7/3/19,0,1413.5,1293.8446658634764,119.6553341365236
7/4/19,0,1414.9,1294.5747851877463,120.32521481225376
7/5/19,0,1388.65,1295.307822270617,93.34217772938314
7/8/19,0,1400.1,1295.9909957180544,104.10900428194554
7/9/19,0,1391.55,1296.633939538156,94.91606046184393
7/10/19,0,1408.3,1297.2240631547745,111.07593684522544
7/11/19,0,1413.75,1297.9047334960007,115.84526650399926
7/12/19,0,1407.6,1298.6114541772904,108.98854582270951
7/15/19,0,1412.4,1299.3913419737364,113.00865802626367
7/16/19,0,1409.85,1300.0841211972397,109.7658788027602
7/17/19,0,1410.35,1300.7578637215836,109.59213627841632
7/18/19,0,1417.45,1301.4298441248047,116.02015587519531
7/19/19,0,1439.7,1302.1369573568034,137.5630426431967
7/22/19,0,1427.75,1303.0852379204061,124.66476207959386
7/23/19,0,1425.55,1303.8429069289905,121.70709307100947
7/24/19,0,1426.95,1304.5832029534895,122.36679704651056
7/25/19,0,1416.1,1305.3263079606954,110.77369203930448
7/26/19,0,1420.4,1306.004294489229,114.395705510771
7/29/19,0,1419.05,1306.8329432028727,112.21705679712727
7/30/19,0,1425.9,1307.5209200931151,118.37907990688495
7/31/19,0,1427.55,1308.2421906410584,119.30780935894154
8/1/19,0,1406.8,1308.967765056594,97.83223494340587
8/2/19,0,1441.75,1309.5743876856595,132.17561231434047
8/5/19,0,1465.25,1310.509260840111,154.74073915988902
8/6/19,0,1465.25,1311.4310198188673,153.8189801811327
8/7/19,0,1506.05,1312.3466580653403,193.70334193465965
8/8/19,0,1495.75,1313.4795654289198,182.27043457108016
8/9/19,0,1497.7,1314.5487581713494,183.15124182865065
8/12/19,0,1504.7,1315.7754350346281,188.92456496537193
8/13/19,0,1498.4,1316.8841272032491,181.51587279675095
8/14/19,0,1513.25,1317.9511936733718,195.2988063266282
8/15/19,0,1515.65,1319.0919256609056,196.55807433909445
8/16/19,0,1515.25,1320.238193985618,195.01180601438205
8/19/19,0,1496.6,1321.5433108257184,175.05668917428147
8/20/19,0,1504.55,1322.576390891055,181.97360910894486
8/21/19,0,1503.25,1323.6457061388548,179.60429386114515
8/22/19,0,1502.05,1324.701056067562,177.34894393243803
8/23/19,0,1503.8,1325.7431150605562,178.05688493944376
8/27/19,0,1532.95,1327.0606727606287,205.88932723937137
8/28/19,0,1537.15,1328.262347490845,208.88765250915503
8/29/19,0,1540.2,1329.4787939458324,210.72120605416762
8/30/19,0,1528.4,1330.7037143986558,197.69628560134424
9/2/19,0,1525.95,1332.051686534266,193.89831346573396
9/3/19,0,1537.85,1333.1896837444838,204.66031625551614
9/4/19,0,1546.1,1334.3840334438203,211.71596655617964
9/5/19,0,1529.1,1335.6147361843873,193.4852638156126
9/6/19,0,1523.7,1336.746967534291,186.95303246570916
9/9/19,0,1509.2,1338.0519566345654,171.14804336543466
9/10/19,0,1498.25,1339.0682820433008,159.18171795669923
9/11/19,0,1490.65,1340.019905514149,150.63009448585103
9/12/19,0,1515.2,1340.9251805068532,174.27481949314688
9/13/19,0,1503.1,1341.9545310816202,161.14546891837972
9/16/19,0,1497.2,1343.1340728645546,154.06592713544546
9/17/19,0,1502.1,1344.0592590346798,158.04074096532008
9/18/19,0,1503.5,1345.0044412447141,158.49555875528586
9/19/19,0,1500.7,1345.9510276945168,154.74897230548322
9/20/19,0,1501.9,1346.876966252243,155.02303374775715
9/23/19,0,1522.1,1348.0350726271959,174.06492737280405
9/24/19,0,1520.65,1349.064922429011,171.58507757098914
9/25/19,0,1528.75,1350.0807018492196,178.66929815078038
9/26/19,0,1506.4,1351.1324372227762,155.26756277722393
9/27/19,0,1489.9,1352.0611323136798,137.83886768632033
9/30/19,0,1485.3,1353.1415073724943,132.15849262750567
10/1/19,0,1473.45,1353.9520742884388,119.49792571156127
10/2/19,0,1492.6,1354.6959989558982,137.90400104410173
10/3/19,0,1517.1,1355.5346740420762,161.56532595792373
10/4/19,0,1499.15,1356.494950064851,142.655049935149
10/7/19,0,1501.25,1357.6095340764666,143.64046592353338
10/8/19,0,1505.85,1358.4794398168249,147.37056018317503
10/9/19,0,1507.25,1359.3677422102364,147.88225778976357
10/10/19,0,1494.8,1360.257804922508,134.5421950774919
10/11/19,0,1479.15,1361.0784647486662,118.0715352513339
10/14/19,0,1490.6,1362.0762944978926,128.5237055021073
10/15/19,0,1487.8,1362.8680030244234,124.93199697557657
10/16/19,0,1485.1,1363.640540159772,121.45945984022796
10/17/19,0,1492.65,1364.3945895829704,128.25541041702968
10/18/19,0,1490.0,1365.1826066501403,124.81739334985969
10/21/19,0,1491.65,1366.2232646883824,125.42673531161768
10/22/19,0,1485.35,1366.998796849823,118.35120315017684
10/23/19,0,1494.45,1367.737581431294,126.71241856870597
10/24/19,0,1496.55,1368.518148283801,128.03185171619884
10/25/19,0,1513.45,1369.3046797935863,144.14532020641377
10/28/19,0,1492.4,1370.451386905484,121.94861309451608
10/29/19,0,1486.75,1371.2091463367994,115.54085366320055
10/30/19,0,1492.1,1371.9338154081213,120.16618459187862
10/31/19,0,1510.95,1372.6811595527765,138.2688404472235
11/1/19,0,1508.8,1373.5189096814963,135.28109031850363
11/4/19,0,1509.45,1374.6286914018087,134.8213085981913
11/5/19,0,1488.95,1375.4511550443826,113.49884495561741
11/6/19,0,1486.05,1376.1658041514731,109.88419584852682
11/7/19,0,1484.25,1376.8617181027573,107.38828189724268
11/8/19,0,1464.15,1377.5445567264828,86.60544327351727
11/11/19,0,1458.7,1378.418202108875,80.28179789112505
11/12/19,0,1452.05,1378.96700935718,73.08299064282005
11/13/19,0,1462.9,1379.4794747450778,83.42052525492227
11/14/19,0,1466.65,1380.0429691289992,86.60703087100092
11/15/19,0,1466.9,1380.621827420856,86.27817257914398
11/18/19,0,1467.65,1381.4988540416184,86.15114595838168
11/19/19,0,1468.45,1382.0767261766414,86.37327382335866
11/20/19,0,1471.7,1382.6552309751255,89.04476902487454
11/21/19,0,1467.05,1383.2464728019472,83.80352719805273
11/22/19,0,1464.45,1383.8114028391701,80.63859716082993
11/25/19,0,1458.4,1384.665997298412,73.734002701588
11/26/19,0,1454.65,1385.1824722101562,69.46752778984387
11/27/19,0,1454.35,1385.6775617462542,68.67243825374567
11/28/19,0,1454.65,1386.168381253882,68.4816187461181
11/29/19,0,1460.15,1386.65790685811,73.49209314189011
12/2/19,0,1461.15,1387.481666100109,73.6683338998912
12/3/19,0,1477.3,1387.9976240268861,89.30237597311384
12/4/19,0,1475.1,1388.5896066908654,86.51039330913454
12/5/19,0,1475.95,1389.1675105431166,86.78248945688347
12/6/19,0,1459.65,1389.7462923403357,69.9037076596644
12/9/19,0,1461.7,1390.5578505102317,71.14214948976837
12/10/19,0,1464.95,1391.061653788168,73.88834621183196
12/11/19,0,1466.8,1391.578422932019,75.22157706798089
12/12/19,0,1467.8,1392.1012719286853,75.69872807131469
12/13/19,0,1466.6,1392.626045414213,73.97395458578694
12/16/19,0,1477.9,1393.4617870846268,84.43821291537324
12/17/19,0,1475.8,1394.0298792576475,81.77012074235245
12/18/19,0,1474.05,1394.5846707671462,79.46532923285372
12/19/19,0,1476.7,1395.1279574134264,81.57204258657362
12/20/19,0,1479.0,1395.6809629126058,83.31903708739424
12/23/19,0,1482.1,1396.5665599619203,85.53344003807956
12/27/19,0,1511.5,1397.6282299210711,113.87177007892888
12/30/19,0,1514.75,1398.6679147783934,116.08208522160658
1/2/20,0,1527.1,1399.7218274412196,127.3781725587803
1/3/20,0,1548.75,1400.5043075707504,148.24569242924963
1/6/20,0,1573.1,1401.718870529152,171.381129470848
1/7/20,0,1567.85,1402.716755354812,165.13324464518792
1/8/20,0,1571.95,1403.68343278929,168.26656721071004
1/9/20,0,1550.75,1404.664346030866,146.085653969134
1/10/20,0,1553.6,1405.537425685207,148.06257431479298
1/13/20,0,1549.9,1406.7604856521345,143.13951434786554
1/14/20,0,1545.1,1407.6212533828111,137.4787466171888
1/15/20,0,1549.0,1408.4540147959278,140.54598520407217
1/16/20,0,1554.55,1409.30075574436,145.24924425563995
1/17/20,0,1557.6,1410.1692652416405,147.43073475835945
1/20/20,0,1560.15,1411.3970875025786,148.75291249742145
1/21/20,0,1551.3,1412.2842416163885,139.01575838361146
1/22/20,0,1556.9,1413.1240826610147,143.77591733898544
1/23/20,0,1562.9,1413.9858770803896,148.91412291961046
1/24/20,0,1564.3,1414.871352127127,149.42864787287294
1/27/20,0,1580.1,1416.116639430976,163.98336056902394
1/28/20,0,1574.0,1417.0756766277439,156.92432337225614
1/29/20,0,1573.45,1418.0003554008047,155.44964459919538
1/30/20,0,1578.25,1418.917236538781,159.33276346121897
1/31/20,0,1584.2,1419.8516590142135,164.34834098578654
2/3/20,0,1574.75,1421.1762344836197,153.57376551638026
2/4/20,0,1558.35,1422.0854751695738,136.26452483042613
2/5/20,0,1553.3,1422.9123317236406,130.38766827635936
2/6/20,0,1563.3,1423.710852982101,139.589147017899
2/7/20,0,1572.65,1424.5518890679373,148.0981109320628
2/10/20,0,1573.2,1425.8074172922807,147.39258270771938
2/11/20,0,1570.5,1426.6868613052543,143.8131386947457
2/12/20,0,1563.7,1427.548795649365,136.151204350635
2/13/20,0,1575.05,1428.37421016125,146.67578983875
2/14/20,0,1581.4,1429.2480056941195,152.15199430588063
2/17/20,0,1580.8,1430.530038874137,150.2699611258629
2/18/20,0,1589.85,1431.4224309176652,158.42756908233468
2/19/20,0,1604.2,1432.352021648178,171.84797835182212
2/20/20,0,1619.0,1433.3431194937168,185.6568805062832
2/21/20,0,1643.3,1434.397325114704,208.90267488529594
2/24/20,0,1671.65,1435.9512141668592,235.69878583314085
2/25/20,0,1650.3,1437.2396243653557,213.0603756346443
2/26/20,0,1634.9,1438.4222443153944,196.47775568460565
2/27/20,0,1652.0,1439.5273558213025,212.47264417869746
2/28/20,0,1609.85,1440.7051156008506,169.1448843991493
3/2/20,0,1599.65,1442.0873488511413,157.56265114885878
3/3/20,0,1615.5,1443.0147260644667,172.48527393553331
3/4/20,0,1641.85,1444.0098684342188,197.84013156578112
3/5/20,0,1659.6,1445.120359286037,214.4796407139629
3/6/20,0,1683.65,1446.3059835864337,237.34401641356635
3/9/20,0,1672.5,1448.009885946021,224.4901140539789
3/10/20,0,1655.7,1449.2439864964908,206.4560135035092
3/11/20,0,1653.75,1450.3947298234066,203.35527017659342
3/12/20,0,1570.7,1451.530381985405,119.16961801459502
3/13/20,0,1562.8,1452.2826412158215,110.51735878417844
3/16/20,0,1487.7,1453.4193505065841,34.28064949341592
3/17/20,0,1536.2,1453.7872366097629,82.41276339023716
3/18/20,0,1498.2,1454.3731988727247,43.8268011272753
3/19/20,0,1474.25,1454.784208354506,19.465791645493937
3/20/20,0,1494.4,1455.0850430869784,39.31495691302166
3/23/20,0,1525.4,1455.9017369622843,69.49826303771579
3/24/20,0,1605.75,1456.4288319082605,149.32116809173954
3/25/20,0,1605.45,1457.3152669882966,148.13473301170347
3/26/20,0,1634.8,1458.195685051274,176.60431494872591
3/27/20,0,1617.3,1459.2031516478994,158.09684835210055
3/30/20,0,1618.3,1460.5608265010794,157.73917349892054
3/31/20,0,1608.95,1461.4856049805283,147.4643950194718
4/1/20,0,1576.55,1462.3636584605397,114.18634153946027
4/2/20,0,1616.8,1463.0923584478824,153.7076415521176
4/3/20,0,1613.1,1463.9967533700658,149.10324662993412
4/6/20,0,1648.3,1465.3212800511944,182.97871994880552
4/7/20,0,1649.25,1466.3579760231473,182.89202397685267
4/8/20,0,1647.8,1467.3934669827163,180.40653301728366
4/9/20,0,1680.65,1468.4171093395935,212.2328906604066
4/14/20,0,1741.9,1470.4790594691572,271.4209405308429
4/15/20,0,1718.65,1471.914718175873,246.73528182412701
4/16/20,0,1729.5,1473.2392188715226,256.26078112847745
4/17/20,0,1692.55,1474.6049197612042,217.94508023879575
4/20/20,0,1686.2,1476.258711524395,209.941288475605
4/21/20,0,1682.05,1477.4212338197883,204.62876618021164
4/22/20,0,1710.55,1478.5592426733483,231.99075732665165
4/23/20,0,1736.25,1479.8173989902452,256.43260100975476
4/24/20,0,1715.9,1481.182435534299,234.71756446570112
4/27/20,0,1714.95,1482.921202145431,232.02879785456912
4/28/20,0,1691.55,1484.1811892260084,207.36881077399153
4/29/20,0,1703.35,1485.3314629954032,218.01853700459674
4/30/20,0,1702.75,1486.5276468040722,216.22235319592778
5/1/20,0,1686.25,1487.714988713322,198.5350112866779
5/4/20,0,1709.1,1489.3051297524717,219.79487024752825
5/5/20,0,1699.55,1490.5104347728152,209.03956522718477
5/6/20,0,1691.5,1491.6676634980795,199.8323365019205
5/7/20,0,1704.05,1492.7837374485512,211.2662625514488
5/11/20,0,1702.75,1494.682988602107,208.0670113978931
5/12/20,0,1702.4,1495.8393165561881,206.56068344381197
5/13/20,0,1708.4,1496.9881330023386,211.4118669976615
5/14/20,0,1731.6,1498.1572022624034,233.4427977375965
5/15/20,0,1735.35,1499.4212563904423,235.9287436095576
5/18/20,0,1734.7,1501.1952296799036,233.50477032009644
5/19/20,0,1737.95,1502.4620554602675,235.48794453973255
5/20/20,0,1748.3,1503.7364751185034,244.5635248814965
5/21/20,0,1724.9,1505.0492230241687,219.85077697583142
5/22/20,0,1733.55,1506.2539905781407,227.29600942185925
5/26/20,0,1720.25,1508.2569506393954,211.99304936060457
5/27/20,0,1694.6,1509.4320998657943,185.16790013420564
5/28/20,0,1717.35,1510.4902173272997,206.85978267270025
5/29/20,0,1728.7,1511.641219550399,217.05878044960104
6/1/20,0,1730.6,1513.3544617114694,217.2455382885305
6/2/20,0,1742.15,1514.5525250839432,227.59747491605685
6/3/20,0,1705.35,1515.7942688598578,189.55573114014214
6/4/20,0,1700.05,1516.8713864745246,183.17861352547538
6/5/20,0,1683.45,1517.9203189801704,165.5296810198297
6/8/20,0,1690.35,1519.4213547769816,170.9286452230183
6/9/20,0,1713.5,1520.4194944122662,193.0805055877338
6/10/20,0,1722.05,1521.5118141356627,200.53818586433727
6/11/20,0,1738.25,1522.6352008246226,215.61479917537736
6/12/20,0,1733.5,1523.8220721683574,209.6779278316426
6/15/20,0,1710.45,1525.5205116118905,184.92948838810958
6/16/20,0,1719.85,1526.5786036601667,193.27139633983325
6/17/20,0,1724.35,1527.671442333769,196.67855766623097
6/18/20,0,1719.5,1528.7779532824707,190.72204671752934
6/19/20,0,1734.75,1529.858386163496,204.8916138365039
6/22/20,0,1761.85,1531.544737455213,230.30526254478696
6/23/20,0,1768.9,1532.795086103948,236.10491389605204
6/24/20,0,1766.05,1534.0690299896978,231.98097001030214
6/25/20,0,1756.55,1535.3245790935337,221.2254209064663
6/26/20,0,1747.6,1536.5338354575504,211.06616454244954
6/29/20,0,1771.6,1538.2565355447405,233.34346445525944
6/30/20,0,1768.1,1539.5190719073057,228.5809280926942
7/1/20,0,1771.05,1540.760610974975,230.289389025025
7/2/20,0,1777.45,1542.0083973416677,235.44160265833239
7/3/20,0,1772.9,1543.2768506478706,229.62314935212953
7/6/20,0,1787.9,1545.0875914417898,242.81240855821034
7/7/20,0,1789.55,1546.3892673023502,243.1607326976498
7/8/20,0,1811.1,1547.6914209737988,263.4085790262011
7/9/20,0,1812.1,1549.0771383546612,263.0228616453387
7/10/20,0,1803.1,1550.4602039726865,252.63979602731342
7/13/20,0,1807.5,1552.3779541557444,255.12204584425558
7/14/20,0,1801.9,1553.7306501849666,248.16934981503346
7/15/20,0,1804.6,1555.053414479176,249.546585520824
7/16/20,0,1807.7,1556.3809171076082,251.31908289239186
7/17/20,0,1807.35,1557.7147867759043,249.63521322409565
7/20/20,0,1815.65,1559.630725034593,256.019274965407
7/21/20,0,1842.55,1560.9865310011992,281.5634689988008
7/22/20,0,1852.4,1562.446962219212,289.953037780788
7/23/20,0,1878.3,1563.9409217838938,314.3590782161061
7/24/20,0,1902.1,1565.5342830215773,336.56571697842264
7/27/20,0,1936.65,1567.8206816199752,368.8293183800249
7/28/20,0,1940.9,1569.6416002374917,371.25839976250836
7/29/20,0,1950.9,1571.4710809097487,379.4289190902514
7/30/20,0,1957.65,1573.3326647255685,384.31733527443157
7/31/20,0,1964.9,1575.2128255024425,389.68717449755763
8/3/20,0,1958.55,1577.7328661693412,380.8171338306588
8/4/20,0,1977.9,1579.6024287066903,398.29757129330983
8/5/20,0,2048.15,1581.5420005988274,466.6079994011727
8/6/20,0,2067.15,1583.758768640005,483.3912313599951
8/7/20,0,2031.15,1586.0421278928254,445.10787210717467
8/10/20,0,2044.5,1588.8061465467772,455.6938534532228
8/11/20,0,1939.65,1590.9811700009789,348.6688299990212
8/12/20,0,1931.9,1592.719435832295,339.18056416770514
8/13/20,0,1944.25,1594.4179096452376,349.8320903547624
8/14/20,0,1944.75,1596.1582580685697,348.5917419314303
8/17/20,0,1972.85,1598.545992574353,374.3040074256469
8/18/20,0,2008.75,1600.3887771569907,408.3612228430093
8/19/20,0,1981.0,1602.36783794299,378.63216205700996
8/20/20,0,1927.15,1604.2254646983404,322.9245353016597
8/21/20,0,1924.35,1605.8574118742013,318.49258812579865
8/24/20,0,1943.95,1608.1392146188755,335.81078538112456
8/25/20,0,1911.15,1609.8260909155715,301.3239090844286
8/26/20,0,1932.95,1611.3731161810376,321.5768838189624
8/27/20,0,1923.85,1613.0003005493272,310.8496994506727
8/28/20,0,1957.35,1614.5833765044347,342.7666234955652
9/1/20,0,1972.35,1617.3162559305686,355.03374406943135
9/2/20,0,1947.05,1619.0822690567145,327.96773094328546
9/3/20,0,1940.45,1620.7385691125567,319.7114308874434
9/4/20,0,1926.3,1622.3606730435238,303.9393269564762
9/7/20,0,1928.45,1624.6117197995084,303.8382802004917
9/8/20,0,1910.95,1626.1732276506777,284.7767723493223
9/9/20,0,1947.2,1627.657555512859,319.542444487141
9/10/20,0,1966.25,1629.2793416909008,336.97065830909924
9/11/20,0,1947.4,1630.969275024138,316.4307249758622
9/14/20,0,1958.7,1633.2823028442776,325.4176971557224
9/15/20,0,1949.35,1634.9292876615982,314.4207123384017
9/16/20,0,1961.8,1636.5314585534252,325.2685414465748
9/17/20,0,1936.25,1638.175484486343,298.07451551365693
9/18/20,0,1950.85,1639.7108419015458,311.1391580984541
9/21/20,0,1909.35,1642.0152512238099,267.33474877619005
9/22/20,0,1906.0,1643.4317912797067,262.56820872029334
9/23/20,0,1873.4,1644.8285710548598,228.57142894514027
9/24/20,0,1861.75,1646.0904902037016,215.65950979629838
9/25/20,0,1859.7,1647.300840605682,212.39915939431808
9/28/20,0,1864.3,1649.2256970673975,215.07430293260245
9/29/20,0,1883.95,1650.4356722167986,233.51432778320145
9/30/20,0,1886.9,1651.7172892633027,235.18271073669735
10/1/20,0,1902.0,1653.0046354219876,248.9953645780124
10/2/20,0,1903.05,1654.3451951670572,248.70480483294273
10/5/20,0,1909.6,1656.4211875293174,253.1788124706825
10/6/20,0,1913.4,1657.7803339668417,255.6196660331584
10/7/20,0,1884.5,1659.1481393025372,225.35186069746283
10/8/20,0,1887.45,1660.397109577062,227.05289042293793
10/9/20,0,1923.25,1661.6519331319146,261.5980668680854
10/12/20,0,1925.5,1663.787136691332,261.7128633086679
10/13/20,0,1891.3,1665.1789676676613,226.1210323323387
10/14/20,0,1910.05,1666.4316816631795,243.6183183368205
10/15/20,0,1891.9,1667.7514602141455,224.1485397858546
10/16/20,0,1905.05,1668.9950916178018,236.05490838219816
10/19/20,0,1905.6,1671.0402401224992,234.5597598775007
10/20/20,0,1898.4,1672.3261812370558,226.07381876294426
10/21/20,0,1924.15,1673.5785542785209,250.57144572147922
10/22/20,0,1900.95,1674.924633688216,226.02536631178396
10/23/20,0,1903.65,1676.1754157517257,227.47458424827437
10/26/20,0,1898.45,1678.1962661932225,220.25373380677752
10/27/20,0,1905.7,1679.426805584159,226.2731944158411
10/28/20,0,1869.95,1680.679746036859,189.27025396314116
10/29/20,0,1870.3,1681.7900186721645,188.50998132783548
10/30/20,0,1881.85,1682.8967637185488,198.95323628145115
11/2/20,0,1889.9,1684.8158463871705,205.0841536128296
11/3/20,0,1908.3,1685.9877328455414,222.3122671544586
11/4/20,0,1900.15,1687.224802039193,212.92519796080705
11/5/20,0,1938.45,1688.4253347162708,250.0246652837293
11/6/20,0,1940.8,1689.7664720544665,251.03352794553348
11/9/20,0,1867.3,1691.8922945599097,175.40770544009024
11/10/20,0,1878.7,1692.9513309070599,185.7486690929402
11/11/20,0,1860.95,1694.0491225517258,166.9008774482743
11/12/20,0,1874.85,1695.0747815220093,179.77521847799062
11/13/20,0,1890.9,1696.148686267591,194.75131373240902
11/16/20,0,1885.6,1698.0670509988804,187.5329490011195
11/17/20,0,1889.05,1699.1719429596965,189.87805704030347
11/18/20,0,1876.1,1700.2851082423103,175.81489175768957
11/19/20,0,1857.35,1701.344571286068,156.0054287139319
11/20/20,0,1875.7,1702.3288186405512,173.37118135944888
11/23/20,0,1840.2,1704.172837193778,136.02716280622212
11/24/20,0,1799.6,1705.083145925531,94.51685407446894
11/25/20,0,1810.2,1705.8368083303176,104.36319166968246
11/26/20,0,1807.4,1706.6271638258927,100.7728361741074
11/27/20,0,1779.3,1707.4037326898042,71.89626731019575
11/30/20,0,1762.55,1708.8705478696934,53.67945213030657
12/1/20,0,1810.75,1709.4712151032725,101.27878489672753
12/2/20,0,1822.6,1710.249933630775,112.3500663692248
12/3/20,0,1832.35,1711.0697175492453,121.28028245075461
12/4/20,0,1843.0,1711.9224735544358,131.07752644556422
12/7/20,0,1859.95,1713.6137577954296,146.33624220457045
12/8/20,0,1868.15,1714.5610634063196,153.5889365936805
12/9/20,0,1841.75,1715.534936772393,126.21506322760706
12/10/20,0,1844.35,1716.4065526800819,127.94344731991805
12/11/20,0,1842.0,1717.2842022911418,124.71579770885819
12/14/20,0,1831.15,1718.9567999089445,112.19320009105559
12/15/20,0,1850.65,1719.7770151995783,130.87298480042182
12/16/20,0,1851.95,1720.66612393081,131.28387606919
12/17/20,0,1890.75,1721.556358720938,169.19364127906192
12/18/20,0,1879.75,1722.5862104464009,157.16378955359914
12/21/20,0,1880.0,1724.3834877086451,155.61651229135487
12/22/20,0,1877.1,1725.3645259942055,151.73547400579446
12/23/20,0,1875.0,1726.330785226179,148.66921477382107
12/29/20,0,1874.3,1729.32405985021,144.97594014978995
12/30/20,0,1887.6,1730.269669161311,157.33033083868895
1/4/21,0,1943.2,1732.895857153316,210.30414284668404
1/5/21,0,1940.35,1734.0880299567932,206.2619700432067
1/6/21,0,1931.95,1735.2644940857726,196.6855059142274
1/7/21,0,1920.1,1736.4047551614476,183.6952448385523
1/8/21,0,1862.9,1737.4962659510131,125.40373404898696
1/11/21,0,1847.25,1739.1957790941083,108.05422090589173
1/12/21,0,1841.25,1740.0082226948416,101.2417773051584
1/13/21,0,1858.85,1740.7951252682255,118.05487473177436
1/14/21,0,1841.75,1741.6437802234555,100.10621977654455
1/15/21,0,1839.0,1742.4259181274663,96.57408187253372
1/18/21,0,1833.05,1744.0225506219301,89.02744937806983
1/19/21,0,1834.7,1744.7646030108353,89.9353969891647
1/20/21,0,1856.6,1745.5097158590552,111.09028414094473
1/21/21,0,1862.1,1746.3322445334206,115.76775546657927
1/22/21,0,1852.7,1747.1715772949015,105.52842270509859
1/25/21,0,1856.85,1748.8044151389186,108.04558486108135
1/26/21,0,1856.6,1749.6162724757628,106.98372752423711
1/27/21,0,1843.0,1750.4239073925714,92.57609260742856
1/28/21,0,1853.7,1751.178569500249,102.52143049975098
1/29/21,0,1863.8,1751.969222215547,111.83077778445295
2/1/21,0,1862.95,1753.6283652315142,109.32163476848586
2/2/21,0,1833.1,1754.4446275778246,78.65537242217533
2/3/21,0,1835.45,1755.1488817362797,80.30111826372035
2/4/21,0,1785.9,1755.8588789013138,30.04112109868629
2/5/21,0,1802.95,1756.3862549831665,46.563745016833536
2/8/21,0,1835.25,1757.8106404237576,77.4393595762424
2/9/21,0,1839.6,1758.5103240118256,81.08967598817435
2/10/21,0,1842.65,1759.2229982067713,83.42700179322878
2/11/21,0,1840.1,1759.9438818875897,80.15611811241024
2/12/21,0,1816.35,1760.652707788584,55.69729221141597
2/15/21,0,1817.3,1762.112935399843,55.18706460015687
2/16/21,0,1794.25,1762.7321103911431,31.517889608856876
2/17/21,0,1780.7,1763.2658006944862,17.434199305513857
2/18/21,0,1773.15,1763.748719104703,9.401280895297077
2/19/21,0,1786.2,1764.202731125034,21.99726887496604
2/22/21,0,1807.45,1765.5425745358611,41.907425464138896
2/23/21,0,1799.65,1766.1134865035233,33.5365134964768
2/24/21,0,1788.0,1766.654251912718,21.34574808728189
2/25/21,0,1779.65,1767.1512720774617,12.498727922538365
2/26/21,0,1742.85,1767.6166098050662,24.76660980506631
3/1/21,0,1734.15,1768.7902020807596,34.640202080759536
3/2/21,0,1723.85,1769.0869936849654,45.236993684965455
3/3/21,0,1711.4,1769.3460699134841,57.94606991348405
3/4/21,0,1712.1,1769.5600010887756,57.4600010887757
3/5/21,0,1696.25,1769.7758274716123,73.52582747161227
3/8/21,0,1687.05,1770.7742768812118,83.72427688121184
3/9/21,0,1716.9,1770.89620872546,53.99620872545984
3/10/21,0,1716.2,1771.1239454884387,54.923945488438676
3/11/21,0,1724.25,1771.3485479839583,47.09854798395827
3/12/21,0,1704.8,1771.600998947601,66.8009989476011
3/15/21,0,1723.65,1772.6214908017316,48.971490801731534
3/16/21,0,1735.0,1772.8669091096212,37.86690910962125
3/17/21,0,1729.65,1773.151704778828,43.50170477882784
3/18/21,0,1725.9,1773.416730957053,47.516730957052914
3/19/21,0,1735.2,1773.667740489917,38.46774048991688
3/22/21,0,1736.15,1774.78681815328,38.63681815327982
3/23/21,0,1726.2,1775.0687930815302,48.86879308153016
3/24/21,0,1730.5,1775.3148988414946,44.814898841494596
3/25/21,0,1737.3,1775.575371163665,38.27537116366511
3/26/21,0,1731.8,1775.8588840950842,44.058884095084295
3/29/21,0,1705.95,1776.957029820186,71.00702982018606
3/30/21,0,1683.95,1777.1255252826097,93.17552528260967
3/31/21,0,1691.05,1777.2166475940112,86.16664759401124
4/1/21,0,1726.05,1777.332510458115,51.282510458114984
4/6/21,0,1744.65,1779.2359779012063,34.585977901206206
4/7/21,0,1738.05,1779.5311302332898,41.48113023328983
4/8/21,0,1755.5,1779.8022436264937,24.30224362649369
4/9/21,0,1741.2,1780.1335068623825,38.9335068623825
4/12/21,0,1732.85,1781.2457778646167,48.395777864616775
4/13/21,0,1747.95,1781.4926150862552,33.54261508625518
4/14/21,0,1735.55,1781.791415567739,46.24141556773907
4/15/21,0,1757.2,1782.0460751331987,24.84607513319861
4/16/21,0,1774.45,1782.3752650401057,7.925265040105614
4/19/21,0,1774.5,1783.5942461419959,9.094246141995882
4/20/21,0,1777.85,1783.97810514832,6.128105148320174
4/21/21,0,1798.2,1784.372288642499,13.82771135750113
4/22/21,0,1787.75,1784.8356638998864,2.9143361001135872
4/23/21,0,1781.8,1785.2612347172999,3.4612347172999307
4/26/21,0,1773.35,1786.495739241765,13.145739241765114
4/27/21,0,1784.15,1786.8657226669002,2.715722666900092
4/28/21,0,1772.2,1787.2717822288864,15.071782228886377
4/29/21,0,1762.65,1787.635225493394,24.985225493393955
4/30/21,0,1767.65,1787.964569158617,20.314569158616905
5/4/21,0,1797.75,1789.5557913475182,8.194208652481848
5/5/21,0,1782.25,1789.9993172956404,7.749317295640367
5/6/21,0,1813.15,1790.3878984085286,22.76210159147149
5/7/21,0,1836.55,1790.8814305457026,45.66856945429731
5/10/21,0,1840.45,1792.2844652037397,48.16553479626032
5/11/21,0,1829.1,1792.8655970610469,36.23440293895305
5/12/21,0,1830.7,1793.4056272554585,37.29437274454153
5/13/21,0,1821.8,1793.9491928829557,27.85080711704427
5/14/21,0,1838.1,1794.4603380088004,43.639661991199546
5/17/21,0,1853.7,1795.8574395418545,57.8425604581455
5/18/21,0,1866.75,1796.4714798665254,70.27852013347456
5/19/21,0,1888.45,1797.1278621472024,91.3221378527976
5/20/21,0,1878.3,1797.8558501351172,80.44414986488277
5/21/21,0,1875.9,1798.5465442671502,77.35345573284985
5/24/21,0,1880.15,1800.0608535022473,80.08914649775284
5/25/21,0,1887.0,1800.7508584000336,86.24914159996638
5/26/21,0,1899.75,1801.4615999358962,98.28840006410383
5/27/21,0,1891.45,1802.2129911137756,89.23700888622443
5/28/21,0,1899.95,1802.9334412681264,97.0165587318736
6/1/21,0,1899.35,1804.935496464358,94.41450353564187
6/2/21,0,1902.75,1805.6746624003517,97.07533759964826
6/3/21,0,1866.55,1806.4225988185553,60.12740118144461
6/4/21,0,1890.6,1807.04520513658,83.55479486341983
6/7/21,0,1888.4,1808.5858065760503,79.81419342394975
6/8/21,0,1893.15,1809.2755222560982,83.87447774390193
6/9/21,0,1894.6,1809.9787504951616,84.62124950483826
6/10/21,0,1888.65,1810.6842778676205,77.9657221323796
6/11/21,0,1881.05,1811.367161347744,69.6828386522559
6/14/21,0,1865.6,1812.8632737165713,52.73672628342865
6/15/21,0,1865.1,1813.4616206635606,51.63837933643936
6/16/21,0,1860.75,1814.0561345119177,46.69386548808234
6/17/21,0,1778.7,1814.6339074897455,35.93390748974548
6/18/21,0,1773.1,1814.9345014304492,41.834501430449336
6/21/21,0,1775.05,1816.057153212756,41.007153212756066
6/22/21,0,1775.05,1816.3404875164993,41.2904875164993
6/23/21,0,1791.6,1816.6229793445543,25.022979344554415
6/24/21,0,1784.85,1816.959955855756,32.1099558557562
6/25/21,0,1786.65,1817.2733446115355,30.623344611535458
6/28/21,0,1780.3,1818.432510915086,38.13251091508596
6/29/21,0,1755.45,1818.7255979642741,63.275597964274084
6/30/21,0,1763.15,1818.9349924487667,55.784992448766616
7/1/21,0,1781.5,1819.169470088511,37.669470088510934
7/2/21,0,1786.15,1819.4642642331441,33.31426423314406
7/5/21,0,1791.35,1820.6130413349376,29.263041334937725
7/6/21,0,1809.85,1820.9355405843849,11.085540584384944
7/7/21,0,1804.65,1821.318409094827,16.668409094826984
7/8/21,0,1807.7,1821.6828167460949,13.98281674609484
7/9/21,0,1806.0,1822.0561455707025,16.056145570702483
7/12/21,0,1792.4,1823.2616185019442,30.861618501944122
7/13/21,0,1813.85,1823.579036100133,9.729036100133044
7/14/21,0,1823.2,1823.96630406778,0.7663040677798563
7/15/21,0,1823.75,1824.383140978598,0.6331409785980213
7/16/21,0,1824.3,1824.8004180387552,0.5004180387552424
7/19/21,0,1814.9,1826.056848080969,11.156848080968985
7/20/21,0,1823.05,1826.4394799360662,3.389479936066209
7/21/21,0,1802.15,1826.8476669622173,24.697666962217227
7/22/21,0,1799.45,1827.1859441034462,27.735944103446172
7/23/21,0,1799.6,1827.5143278810285,27.914327881028612
7/26/21,0,1800.2,1828.6803855085197,28.480385508519703
7/27/21,0,1800.35,1829.0061585006106,28.656158500610672
7/28/21,0,1796.6,1829.331426073874,32.73142607387399
7/29/21,0,1829.3,1829.643452077624,0.3434520776240788
7/30/21,0,1825.75,1830.0611796570101,4.311179657010143
8/2/21,0,1811.45,1831.3036588167697,19.853658816769666
8/3/21,0,1812.65,1831.6577347338068,19.00773473380673
8/4/21,0,1829.1,1832.0146135327577,2.914613532757812
8/5/21,0,1800.75,1832.4238652594986,31.673865259498598
8/6/21,0,1762.9,1832.7397592948382,69.83975929483813
8/9/21,0,1738.85,1833.768910373689,94.91891037368919
8/10/21,0,1723.35,1833.8791465380032,110.52914653800326
8/11/21,0,1743.6,1833.939001636623,90.33900163662315
8/12/21,0,1747.4,1834.0644725242887,86.66447252428861
8/13/21,0,1773.85,1834.2020319941043,60.352031994104436
8/16/21,0,1786.35,1835.2591960878574,48.90919608785748
8/17/21,0,1789.45,1835.5183458026831,46.0683458026831
8/18/21,0,1783.45,1835.7867798204975,52.33677982049744
8/19/21,0,1782.05,1836.0351226034381,53.985122603438185
8/20/21,0,1779.05,1836.2782841397216,57.22828413972161
8/23/21,0,1802.0,1837.344264301808,35.344264301807925
8/24/21,0,1808.45,1837.6470801401078,29.1970801401078
8/25/21,0,1788.7,1837.9697298786332,49.26972987863314
8/26/21,0,1786.6,1838.2280529589416,51.62805295894168
8/27/21,0,1798.5,1838.478935794455,39.97893579445508
8/31/21,0,1814.85,1840.0152237546986,25.165223754698673
9/1/21,0,1811.8,1840.3504772825004,28.550477282500424
9/2/21,0,1812.55,1840.6749430392738,28.12494303927383
9/3/21,0,1823.7,1841.0008364482385,17.300836448238442
9/6/21,0,1821.6,1842.1928656896202,20.59286568962034
9/7/21,0,1802.15,1842.542722553047,40.39272255304695
9/8/21,0,1786.0,1842.829371362272,56.82937136227201
9/9/21,0,1788.25,1843.0636834594138,54.813683459413824
9/10/21,0,1794.6,1843.3045459136429,48.70454591364296
